date,xauusd,usdidr,ubs_sell_idr,ubs_buyback_idr,implied_idr_per_gram,ubs_premium_pct
2023-11-20,1977.699951171875,15399.400390625,972000.0,968000.0,979162.9045160582,-0.7315334846757042
2023-12-06,2030.5,15457.0,996000.0,992000.0,1009064.5265002332,-1.2947166565794637
2024-01-04,2042.300048828125,15555.0,1032000.0,1027000.0,1021363.424036571,1.0414095231050773
2024-01-11,2014.300048828125,15555.0,1010000.0,1005000.0,1007360.4983208155,0.26202155867579907
2024-02-12,2018.199951171875,15598.0,1007000.0,1002000.0,1012100.9802234123,-0.503999138730829
2024-03-13,2175.39990234375,15546.0,1063000.0,1058000.0,1087297.7922689067,-2.23469526395373
2024-04-15,2365.800048828125,16111.0,1170000.0,1165000.0,1225437.7991759744,-4.5239178368133155
2024-04-17,2371.699951171875,16312.2001953125,1206000.0,1200000.0,1243835.7228841933,-3.04185851781618
2024-04-19,2398.39990234375,16220.0,1216000.0,1210000.0,1250728.902406984,-2.7766930419653253
2024-04-23,2327.699951171875,16246.0,1185000.0,1180000.0,1215805.7262603333,-2.533770453202905
2024-04-26,2334.800048828125,16202.0,1200000.0,1195000.0,1216211.3714248647,-1.3329402935833554
2024-05-02,2299.199951171875,16190.400390625,1185000.0,1180000.0,1196809.6126666807,-0.9867578386479559
2024-05-10,2367.300048828125,16030.0,1197000.0,1192000.0,1220049.8266341358,-1.8892528920499487
2024-05-16,2380.0,15914.0,1200000.0,1195000.0,1217718.9062324176,-1.4550900164011806
2024-05-22,2389.199951171875,16005.0,1211000.0,1205000.0,1229416.1499029326,-1.4979590030915577
2024-05-24,2332.5,16095.0,1195000.0,1190000.0,1206989.165206488,-0.9933117506019137
2024-05-28,2355.199951171875,16071.0,1206000.0,1200000.0,1216918.3022901989,-0.8972091445786448
2024-06-03,2346.60009765625,16243.0,1195000.0,1190000.0,1225451.3281859106,-2.4849071917845182
2024-06-06,2370.300048828125,16315.0,1218000.0,1212000.0,1243314.9097892796,-2.0360818960636453
2024-06-10,2307.699951171875,16270.0,1195000.0,1190000.0,1207139.974779893,-1.0056807854537764
2024-06-18,2330.39990234375,16479.0,1198000.0,1193000.0,1234673.2679834312,-2.970281201870434
2024-06-21,2316.39990234375,16491.900390625,1217000.0,1211000.0,1228216.64617508,-0.9132465522276488
2024-06-25,2316.60009765625,16394.099609375,1203000.0,1198000.0,1221038.5569490383,-1.4773126406516215
2024-06-27,2324.5,16434.0,1195000.0,1190000.0,1228184.3843940392,-2.7019057411653757
2024-07-02,2323.0,16390.0,1203000.0,1198000.0,1224105.6472744225,-1.724168769371828
2024-07-08,2355.199951171875,16245.0,1217000.0,1211000.0,1230093.8224568653,-1.0644572160124386
2024-07-09,2360.10009765625,16277.2001953125,1212000.0,1206000.0,1235096.42871469,-1.8700101609657682
2024-07-17,2454.800048828125,16173.0,1241000.0,1235000.0,1276431.3080424154,-2.775810011801908
2024-07-19,2395.5,16185.0,1236000.0,1230000.0,1246521.050685614,-0.8440331336424125
2024-07-25,2351.89990234375,16246.0,1226000.0,1220000.0,1228445.86022398,-0.19910199571464823
2024-07-31,2426.5,16328.5,1236000.0,1230000.0,1273847.1635024997,-2.9710913983147886
2024-08-01,2435.0,16255.0,1241000.0,1235000.0,1272555.3394312535,-2.479683079665251
2024-08-02,2425.699951171875,16281.0,1251000.0,1245000.0,1269722.7291150289,-1.4745525685027494
2024-08-05,2401.699951171875,16012.0,1241000.0,1235000.0,1236388.8185626718,0.3729556081467011
2024-08-06,2389.10009765625,16208.0,1231000.0,1225000.0,1244957.4608263539,-1.1211194972950687
2024-08-07,2390.5,16152.2998046875,1236000.0,1230000.0,1241406.0373625304,-0.4354769672311192
2024-08-08,2422.199951171875,16023.0,1216000.0,1210000.0,1247798.794914622,-2.5483912185375894
2024-08-14,2439.39990234375,15749.0,1226000.0,1220000.0,1235169.9667886803,-0.7424052588099515
2024-08-19,2501.800048828125,15683.0,1239000.0,1233000.0,1261457.076077338,-1.7802489282608982
2024-08-20,2511.300048828125,15523.0,1226000.0,1220000.0,1253328.7462169526,-2.1804930509606244
2024-08-22,2478.89990234375,15484.0,1231000.0,1225000.0,1234050.3830080417,-0.24718464092253956
2024-08-26,2517.699951171875,15377.2001953125,1226000.0,1220000.0,1244720.8893178718,-1.5040230688287988
2024-09-13,2581.300048828125,15418.7001953125,1236000.0,1230000.0,1279608.1330726887,-3.407928720175736
2024-09-19,2588.0,15300.2001953125,1241000.0,1235000.0,1273069.529328492,-2.5190713146207946
2024-09-23,2626.5,15154.0,1256000.0,1250000.0,1279662.449563554,-1.8491165050302456
2024-09-25,2659.199951171875,15121.099609375,1261000.0,1255000.0,1292781.4343374558,-2.4583764504433505
2024-09-26,2669.89990234375,15201.5,1266000.0,1260000.0,1304884.7674852835,-2.9799388002835347
2024-09-27,2644.300048828125,15070.0,1271000.0,1265000.0,1281193.4906309529,-0.7956246035821535
2024-10-02,2647.10009765625,15260.599609375,1279000.0,1273000.0,1298771.3510141782,-1.5223119141594315
2024-10-03,2657.10009765625,15324.0,1294000.0,1288000.0,1309093.8928572147,-1.1530030763699384
2024-10-04,2645.800048828125,15457.0,1306000.0,1300000.0,1314840.1740876855,-0.6723383010272995
2024-10-07,2644.800048828125,15650.0,1322000.0,1316000.0,1330754.4412738166,-0.6578554992787967
2024-10-08,2615.0,15744.0,1320000.0,1314000.0,1323663.2533316186,-0.27675115422282237
2024-10-09,2606.0,15682.400390625,1309000.0,1303000.0,1313946.5146356118,-0.3764624039497967
2024-10-10,2620.60009765625,15664.599609375,1312000.0,1306000.0,1319808.1008913524,-0.5916088017704301
2024-10-11,2657.60009765625,15670.900390625,1319000.0,1313000.0,1338980.706624218,-1.4922326009157032
2024-10-14,2647.800048828125,15562.0,1321000.0,1315000.0,1324772.5934336418,-0.2847729076175819
2024-10-15,2661.39990234375,15573.0,1320000.0,1314000.0,1332518.227183411,-0.9394413470704337
2024-10-16,2674.0,15578.599609375,1322000.0,1316000.0,1339308.2886321074,-1.2923304349729012
2024-10-17,2691.0,15583.900390625,1330000.0,1324000.0,1348281.5744585618,-1.355916657535225
2024-10-18,2713.699951171875,15493.0,1336000.0,1330000.0,1351724.1899948835,-1.16326911297955
2024-10-21,2723.10009765625,15467.0,1346000.0,1340000.0,1354130.2171925737,-0.6004014303313853
2024-10-22,2744.199951171875,15556.0,1356000.0,1350000.0,1372474.9446341952,-1.2003821780940591
2024-10-23,2714.39990234375,15586.0,1366000.0,1360000.0,1360188.9458719979,0.4272240371926239
2024-10-24,2734.89990234375,15663.0,1363000.0,1357000.0,1377232.053319085,-1.0333809240633147
2024-10-25,2740.89990234375,15621.5,1368000.0,1362000.0,1376596.4545617981,-0.6244716476866549
2024-10-28,2742.89990234375,15688.099609375,1376000.0,1370000.0,1383474.1069819701,-0.5402419130398327
2024-10-29,2768.39990234375,15747.0,1386000.0,1380000.0,1401578.3838541333,-1.111488592688984
2024-10-30,2788.5,15768.0,1401000.0,1395000.0,1413637.3076984903,-0.8939568607640127
2024-10-31,2738.300048828125,15695.5,1405000.0,1399000.0,1381805.5336660452,1.678562270077033
2024-11-01,2738.60009765625,15713.0,1396000.0,1390000.0,1383497.7843159982,0.9036671995960514
2024-11-04,2736.10009765625,15842.0,1396000.0,1390000.0,1393582.6433382195,0.17346345933169155
2024-11-06,2667.60009765625,15665.0,1394000.0,1388000.0,1343512.965736498,3.7578375163521938
2024-11-07,2698.39990234375,15818.2001953125,1364000.0,1358000.0,1372315.9728739576,-0.6059809138956505
2024-11-08,2687.5,15558.0,1369000.0,1363000.0,1344290.0316684616,1.8381426440297017
2024-11-11,2611.199951171875,15647.2001953125,1363000.0,1357000.0,1313613.2070659748,3.7596145249127946
2024-11-12,2600.0,15765.0,1346000.0,1340000.0,1317825.9681386338,2.1379174900583204
2024-11-13,2580.800048828125,15788.900390625,1340000.0,1334000.0,1310077.47999638,2.2840267434948007
2024-11-14,2568.199951171875,15847.2001953125,1326000.0,1320000.0,1308495.1458135736,1.337785183417132
2024-11-15,2565.699951171875,15933.2998046875,1316000.0,1310000.0,1314323.6783929,0.1275425250764572
2024-11-18,2610.60009765625,15891.2998046875,1314000.0,1308000.0,1333799.3737682877,-1.4844341778591454
2024-11-19,2627.10009765625,15806.099609375,1326000.0,1320000.0,1335033.2222210837,-0.6766290209658761
2024-11-20,2648.199951171875,15817.099609375,1337000.0,1331000.0,1346692.2504935958,-0.7197078983742123
2024-11-21,2672.10009765625,15913.0,1353000.0,1347000.0,1367085.0178920026,-1.0302956807851789
2024-11-22,2709.89990234375,15816.900390625,1366000.0,1360000.0,1378051.242591204,-0.8745133866389079
2024-11-25,2616.800048828125,15940.0,1357000.0,1351000.0,1341064.2782426516,1.1882891831427183
2024-11-26,2620.300048828125,15901.2001953125,1341000.0,1335000.0,1339589.295359144,0.1053087424439147
2024-11-29,2657.0,15878.0,1346000.0,1340000.0,1356369.733309756,-0.7645211372014509
2024-12-02,2634.89990234375,15829.0,1346000.0,1340000.0,1340936.8898741046,0.3775800460207126
2024-12-03,2644.699951171875,15910.0,1343000.0,1337000.0,1352811.6200152566,-0.7252761485849686
2024-12-04,2653.800048828125,15940.0,1348000.0,1342000.0,1360026.1314103014,-0.8842573780424893
2024-12-05,2626.60009765625,15906.599609375,1345000.0,1339000.0,1343266.0661135642,0.12908342808454612
2024-12-06,2638.60009765625,15839.7998046875,1337000.0,1331000.0,1343736.1490347995,-0.501299979139364
2024-12-09,2664.89990234375,15825.7998046875,1338000.0,1332000.0,1355930.1157112047,-1.3223480696717254
2024-12-10,2697.60009765625,15864.0,1353000.0,1347000.0,1375881.4265024436,-1.6630376761905492
2024-12-11,2733.800048828125,15908.0,1366000.0,1360000.0,1398212.1361505236,-2.30380893697634
2024-12-12,2687.5,15963.0,1376000.0,1370000.0,1379284.083784783,-0.23810060765520003
2024-12-13,2656.0,15967.400390625,1374000.0,1368000.0,1363493.3508286849,0.7705684200755031
2024-12-16,2651.39990234375,16025.7998046875,1360000.0,1354000.0,1366110.0531171388,-0.4472592162832788
2024-12-17,2644.39990234375,15955.0,1361000.0,1355000.0,1356484.0111850607,0.33291869109419064
2024-12-20,2628.699951171875,15981.2998046875,1356000.0,1350000.0,1350653.2067531026,0.39586721596366
2024-12-23,2612.300048828125,16159.2998046875,1359000.0,1353000.0,1357176.5128944803,0.1343588758127528
2024-12-24,2620.0,16217.599609375,1359000.0,1353000.0,1366087.7707191312,-0.5188371399738174
2024-12-26,2638.800048828125,15069.400390625,1357000.0,1351000.0,1278477.8075326511,6.141850253849126
2024-12-27,2617.199951171875,16189.0,1363000.0,1357000.0,1362221.2937296922,0.05716444706099919
2025-01-02,2658.89990234375,16230.5,1361000.0,1355000.0,1387473.2703711877,-1.9080202074167076
2025-01-03,2645.0,16201.099609375,1372000.0,1366000.0,1377719.8214605069,-0.41516579578882407
2025-01-06,2638.39990234375,16178.7998046875,1365000.0,1359000.0,1372390.3684384902,-0.5385033739998469
2025-01-07,2656.699951171875,16179.099609375,1364000.0,1358000.0,1381934.9315103274,-1.2978130229855438
2025-01-08,2664.5,16157.7001953125,1369000.0,1363000.0,1384159.0872541724,-1.095183884118717
2025-01-09,2683.800048828125,16187.599609375,1376000.0,1370000.0,1396765.014292628,-1.4866505160242853
2025-01-10,2708.5,16237.0,1381000.0,1375000.0,1413921.7290658606,-2.3283982690902634
2025-01-13,2673.5,16268.0,1393000.0,1387000.0,1398315.2378349702,-0.3801172790764896
2025-01-14,2677.5,16295.2001953125,1387000.0,1381000.0,1402748.8392929805,-1.122712694663023
2025-01-15,2712.5,16320.0,1388000.0,1382000.0,1423248.1875030142,-2.476601608385296
2025-01-16,2746.39990234375,16360.7998046875,1407000.0,1400000.0,1444638.030635118,-2.6053606396178637
2025-01-17,2744.300048828125,16368.7998046875,1416000.0,1409000.0,1444239.33329888,-1.9553084206879086
2025-01-21,2755.0,16245.0,1417000.0,1410000.0,1438904.7856350571,-1.5223234958795078
2025-01-22,2767.60009765625,16330.7998046875,1427000.0,1420000.0,1453120.1676421557,-1.7975228906593772
2025-01-23,2763.10009765625,16232.7998046875,1426000.0,1419000.0,1442051.5609357913,-1.1131058951439297
2025-01-24,2777.300048828125,16230.900390625,1430000.0,1423000.0,1449292.8592411543,-1.3311912163326303
2025-01-30,2823.0,16238.0,1427000.0,1420000.0,1473785.0724195025,-3.174484074716255
2025-01-31,2812.5,16274.5,1449000.0,1442000.0,1471603.8789846802,-1.536002949399366
2025-02-03,2833.89990234375,16341.2998046875,1455000.0,1448000.0,1488887.3573930217,-2.276018882473219
2025-02-04,2853.300048828125,16320.0,1468000.0,1461000.0,1497125.943925121,-1.9454571636611646
2025-02-05,2871.60009765625,16299.099609375,1480000.0,1473000.0,1504798.367707499,-1.647952857981791
2025-02-06,2856.0,16298.099609375,1490000.0,1483000.0,1496531.659921713,-0.43645317347009066
2025-02-07,2867.300048828125,16327.0,1491000.0,1484000.0,1505117.0414010256,-0.9379364536252195
2025-02-10,2914.300048828125,16314.7001953125,1496000.0,1489000.0,1528636.0562578307,-2.134978834512462
2025-02-11,2912.5,16330.099609375,1524000.0,1517000.0,1529133.8631441698,-0.3357366721062382
2025-02-12,2909.0,16343.2998046875,1511000.0,1504000.0,1528530.8448192626,-1.1469081490033992
2025-02-13,2925.89990234375,16375.0,1506000.0,1499000.0,1540392.9107939268,-2.2327362423526416
2025-02-14,2883.60009765625,16219.0,1524000.0,1517000.0,1503660.680755758,1.352653527790542
2025-02-18,2931.60009765625,16220.0,1526000.0,1519000.0,1528784.6571602672,-0.1821484240586089
2025-02-19,2919.39990234375,16317.0,1534000.0,1527000.0,1531526.9409083535,0.16147669528945263
2025-02-20,2940.0,16346.400390625,1551000.0,1544000.0,1545112.8377332937,0.38101827406617855
2025-02-21,2937.60009765625,16245.099609375,1549000.0,1542000.0,1534284.122331426,0.9591364112021463
2025-02-24,2947.89990234375,16278.0,1550000.0,1543000.0,1542781.8287444036,0.46786727203489115
2025-02-25,2904.5,16279.2998046875,1552000.0,1545000.0,1520189.8912570882,2.092508898122402
2025-02-26,2916.800048828125,16314.0,1549000.0,1542000.0,1529881.7173817107,1.2496575650965356
2025-02-27,2883.199951171875,16367.400390625,1552000.0,1545000.0,1517208.288683284,2.29314007682558
2025-02-28,2836.800048828125,16553.69921875,1546000.0,1539000.0,1509782.9746503155,2.3988232718065214
2025-03-03,2890.199951171875,16522.0,1541000.0,1534000.0,1535257.56243708,0.37403740606262376
2025-03-04,2909.60009765625,16451.19921875,1539000.0,1532000.0,1538939.6966076945,0.003918502618291809
2025-03-05,2915.300048828125,16379.0,1552000.0,1545000.0,1535187.342252668,1.0951534893885873
2025-03-06,2916.60009765625,16268.900390625,1549000.0,1542000.0,1525547.8151351674,1.537295955732114
2025-03-07,2904.699951171875,16322.099609375,1537000.0,1530000.0,1524291.5407711044,0.8337289087405605
2025-03-10,2891.0,16292.599609375,1537000.0,1530000.0,1514360.296130761,1.4950011517790138
2025-03-11,2912.89990234375,16324.0,1538000.0,1531000.0,1528772.5820521605,0.6035834273959164
2025-03-12,2939.10009765625,16433.900390625,1547000.0,1540000.0,1552908.1371215144,-0.38045631807080343
2025-03-13,2984.300048828125,16305.599609375,1555000.0,1548000.0,1564479.9366768906,-0.6059481144275272
2025-03-14,2994.5,16259.2998046875,1575000.0,1568000.0,1565369.5971558415,0.6152159120540084
2025-03-17,3000.0,16321.0,1561000.0,1554000.0,1574195.8300512806,-0.8382584808937459
2025-03-18,3035.10009765625,16370.0,1577000.0,1570000.0,1597395.4249082196,-1.276792495470647
2025-03-19,3035.89990234375,16514.5,1606000.0,1599000.0,1611920.4892457717,-0.36729412432383063
2025-03-20,3040.0,16330.2998046875,1608000.0,1600000.0,1596094.0539247994,0.7459426370221615
2025-03-21,3018.199951171875,16428.5,1602000.0,1595000.0,1594177.4365530293,0.49069590797149915
2025-03-24,3013.10009765625,16519.0,1603000.0,1596000.0,1600250.7921354056,0.17179856295686108
2025-03-25,3023.699951171875,16575.80078125,1603000.0,1596000.0,1611402.1898789639,-0.5214210289483951
2025-03-26,3020.89990234375,16621.0,1603000.0,1596000.0,1614299.9108413996,-0.6999883209749961
2025-03-27,3060.199951171875,16629.0,1608000.0,1600000.0,1636088.0604445515,-1.7167817016474982
2025-04-02,3139.89990234375,16731.400390625,1674000.0,1666000.0,1689035.717928774,-0.8901953800723595
2025-04-07,2951.300048828125,16738.0,1664000.0,1656000.0,1588209.0509841386,4.772101567416284
2025-04-08,2968.39990234375,16855.69921875,1638000.0,1630000.0,1608643.9119350915,1.8248966006153031
2025-04-09,3056.5,17051.900390625,1655000.0,1647000.0,1675667.8040717382,-1.2334070047486172
2025-04-10,3155.199951171875,16805.5,1678000.0,1670000.0,1704782.8308524427,-1.5710406256878147
2025-04-11,3222.199951171875,16833.80078125,1738000.0,1730000.0,1743915.381078683,-0.33920115292659253
2025-04-14,3204.800048828125,16788.0,1768000.0,1760000.0,1729779.0672987464,2.209584647185033
2025-04-16,3326.60009765625,16813.5,1803000.0,1795000.0,1798247.487965771,0.26428575966510487
2025-04-17,3308.699951171875,16794.599609375,1829000.0,1820000.0,1786560.7056276707,2.375474521444772
2025-04-22,3400.800048828125,16814.900390625,1904000.0,1895000.0,1838510.5878591656,3.562090562507602
2025-04-23,3276.300048828125,16858.099609375,1839000.0,1830000.0,1775754.9013244396,3.5615894191472783
2025-04-24,3332.0,16846.0,1831000.0,1822000.0,1804648.0942659185,1.460224063506451
2025-04-25,3282.39990234375,16778.5,1814000.0,1805000.0,1770660.7539818545,2.4476312540775726
2025-04-28,3332.5,16823.0,1778000.0,1770000.0,1802454.6272927485,-1.3567402431360456
2025-04-29,3318.800048828125,16795.0,1779000.0,1771000.0,1792057.0617476604,-0.7286074772042588
2025-04-30,3305.0,16711.900390625,1762000.0,1754000.0,1775775.4204837277,-0.7757411396073515
2025-05-01,3210.0,16545.900390625,1722000.0,1714000.0,1707600.1174757262,0.843281888827729
2025-05-02,3231.89990234375,16606.0,1718000.0,1710000.0,1725494.8728702657,-0.43436077313857385
2025-05-05,3311.300048828125,16460.0,1708000.0,1700000.0,1752342.9454470056,-2.5304947049445343
2025-05-06,3411.39990234375,16421.5,1766000.0,1758000.0,1801093.2369777644,-1.9484408834187217
2025-05-07,3381.39990234375,16432.0,1787000.0,1779000.0,1786395.845975935,0.033819717249451396
2025-05-08,3296.60009765625,16492.599609375,1783000.0,1775000.0,1748018.8879988121,2.0011861565886946
2025-05-09,3335.39990234375,16538.30078125,1750000.0,1742000.0,1773493.2342248561,-1.3246869946546125
2025-05-13,3240.300048828125,16688.80078125,1708000.0,1700000.0,1738605.687024522,-1.7603581567078141
2025-05-14,3181.39990234375,16599.400390625,1708000.0,1700000.0,1697858.143993415,0.5973323532631002
2025-05-15,3220.699951171875,16558.19921875,1668000.0,1660000.0,1714565.6088646713,-2.7158837564405323
2025-05-16,3182.0,16511.80078125,1681000.0,1673000.0,1689216.6504071085,-0.4864177963867589
2025-05-19,3228.89990234375,16487.0,1688000.0,1680000.0,1711539.623834662,-1.3753478743262726
2025-05-20,3280.300048828125,16428.0,1684000.0,1676000.0,1732562.8691995575,-2.8029498994165487
2025-05-21,3309.300048828125,16403.0,1731000.0,1723000.0,1745219.9495531928,-0.8147941213274227
2025-05-22,3292.300048828125,16347.599609375,1778000.0,1770000.0,1730390.5667261865,2.7513692104718386
2025-05-23,3363.60009765625,16356.900390625,1722000.0,1714000.0,1768870.7621733826,-2.649756170755699
2025-05-28,3293.60009765625,16279.0,1715000.0,1707000.0,1723809.7316940567,-0.5110617217248784
2025-05-29,3317.10009765625,16286.0,1707000.0,1699000.0,1736855.7297548407,-1.7189527744515023
2025-05-30,3288.89990234375,16293.0,1716000.0,1708000.0,1722830.1030072733,-0.3964466951994307
2025-06-02,3370.60009765625,16322.0,1722000.0,1714000.0,1768769.9067289955,-2.6442052497086843
2025-06-03,3350.199951171875,16288.5,1748000.0,1740000.0,1754456.3121405337,-0.3679950361748616
2025-06-04,3373.5,16332.400390625,1746000.0,1738000.0,1771419.7025342304,-1.43499039204907
2025-06-05,3350.699951171875,16291.5,1748000.0,1740000.0,1755041.337936779,-0.4012063866858426
2025-06-09,3332.10009765625,16309.0,1726000.0,1718000.0,1747173.806570829,-1.2118889655509797
2025-06-10,3320.89990234375,16278.7998046875,1723000.0,1715000.0,1738076.572786348,-0.8674285714684229
2025-06-11,3321.300048828125,16247.7998046875,1733000.0,1725000.0,1734975.7514317743,-0.1138777547838277
2025-06-12,3380.89990234375,15778.0,1748000.0,1740000.0,1715042.9584831188,1.9216452482350808
2025-06-13,3431.199951171875,16164.5,1780000.0,1772000.0,1783195.8336109368,-0.17921944133669637
2025-06-16,3396.39990234375,16282.599609375,1788000.0,1780000.0,1778006.3247925034,0.5620719717441331
2025-06-17,3386.60009765625,15801.0,1758000.0,1750000.0,1720438.7976615625,2.183233858100103
2025-06-18,3389.800048828125,16275.0,1767000.0,1759000.0,1773723.0792250948,-0.37903770345210475
2025-06-20,3368.10009765625,16390.0,1756000.0,1748000.0,1774821.5024221048,-1.0604729769398813
2025-09-08,3638.10009765625,16392.0,1879000.0,1870000.0,1917332.0301824957,-1.9992379816889196
2025-09-09,3643.300048828125,16446.099609375,1919000.0,1910000.0,1926409.4236940583,-0.38462351787348015
2025-09-10,3643.60009765625,16449.900390625,1915000.0,1906000.0,1927013.31585567,-0.6234163384769158
2025-09-11,3636.89990234375,16439.0,1912000.0,1903000.0,1922195.1707887829,-0.5303920717165905
2025-09-12,3649.39990234375,16413.599609375,1915000.0,1906000.0,1925821.4931297936,-0.5619156899223694
2025-09-15,3682.199951171875,16401.0,1912000.0,1903000.0,1941638.7673146082,-1.5264820528691974
2025-09-16,3688.89990234375,16364.599609375,1928000.0,1919000.0,1940854.563020818,-0.6623145940832691
2025-09-17,3681.800048828125,16398.099609375,1935000.0,1926000.0,1941084.5706266281,-0.3134624177999558
2025-09-18,3643.699951171875,16418.599609375,1930000.0,1921000.0,1923399.315028542,0.3431780868321717
2025-09-19,3671.5,16569.099609375,1936000.0,1927000.0,1955839.349778009,-1.014364997833841
2025-09-22,3740.699951171875,16637.0,1961000.0,1952000.0,2000868.8760958246,-1.9925781530281177
2025-09-23,3780.60009765625,16582.0,1993000.0,1984000.0,2015525.9317869672,-1.1176205392205345
2025-09-24,3732.10009765625,16633.0,2015000.0,2005000.0,1995788.928072931,0.9625803438852912
2025-09-25,3736.89990234375,16695.099609375,2013000.0,2003000.0,2005816.5833392583,0.35812928861036775
2025-09-26,3775.300048828125,16759.099609375,2012000.0,2002000.0,2034196.4593563054,-1.091165961587073
2025-09-29,3820.89990234375,16723.0,2027000.0,2017000.0,2054331.7976078105,-1.3304470893960405
2025-09-30,3840.800048828125,16628.0,2070000.0,2060000.0,2053300.2141853508,0.8133143755247136
2025-10-01,3867.5,16683.0,2070000.0,2060000.0,2074412.9278055523,-0.21273140686702807
2025-10-02,3839.699951171875,16644.099609375,2065000.0,2055000.0,2054699.5822790687,0.5013101579310268
2025-10-03,3880.800048828125,16601.5,2055000.0,2045000.0,2071377.8838593767,-0.790675809903961
2025-10-06,3948.5,16558.0,2096000.0,2086000.0,2101990.5476875594,-0.28499403549410374
2025-10-07,3976.60009765625,16596.5,2116000.0,2106000.0,2121871.928263763,-0.27673339684397036
2025-10-08,4043.300048828125,16587.0,2140000.0,2130000.0,2156227.367013748,-0.7525814421056061
2025-10-09,3946.300048828125,16556.0,2143000.0,2133000.0,2100565.647222931,2.020139329288263
2025-10-10,3975.89990234375,16577.69921875,2123000.0,2113000.0,2119095.0441240435,0.18427469248179096
2025-10-13,4108.60009765625,16598.0,2157000.0,2146500.0,2192503.87965658,-1.6193303002109587
2025-10-14,4138.7001953125,16548.0,2224000.0,2213000.0,2201913.316251587,1.003067813133171
2025-10-15,4176.89990234375,16585.900390625,2236000.0,2225000.0,2227326.36911874,0.38941894647850567
2025-10-16,4280.2001953125,16575.0,2268000.0,2257000.0,2280911.0948062018,-0.5660498927643978
2025-10-17,4189.89990234375,16561.900390625,2311000.0,2300000.0,2231025.602562625,3.584647228858063
2025-10-20,4336.39990234375,16566.0,2296000.0,2285000.0,2309605.0535221617,-0.5890640696951145
2025-10-21,4087.699951171875,16542.0,2346000.0,2335000.0,2173991.113292239,7.912124647431276
2025-10-22,4044.39990234375,16598.900390625,2226000.0,2215000.0,2158361.313641789,3.133798124100213
2025-10-23,4125.5,16596.599609375,2246000.0,2235000.0,2201336.5598237035,2.0289237453028734
2025-10-24,4118.39990234375,16593.80078125,2271000.0,2260000.0,2197177.4082341744,3.3598830703960005
2025-10-27,4001.89990234375,16597.80078125,2216000.0,2205000.0,2135539.001257267,3.7677138509464325
2025-10-28,3966.199951171875,16158.2001953125,2137000.0,2127000.0,2060432.196559031,3.7161040081221284
2025-10-29,3983.699951171875,16561.779296875,2124000.0,2114000.0,2121213.3482174133,0.13137065090263084
2025-10-30,4001.300048828125,16562.0,2117000.0,2107000.0,2130613.320323803,-0.6389390413523789
2025-10-31,3982.199951171875,16150.0,2141000.0,2131000.0,2067694.285576407,3.5452878568631148
2025-11-03,4000.300048828125,16630.0,2146000.0,2136000.0,2138826.4925815975,0.33539454664898666
2025-11-04,3947.699951171875,16640.900390625,2142000.0,2132000.0,2112086.4744972866,1.4163021194401304
2025-11-05,3980.300048828125,16707.0,2126000.0,2116000.0,2137986.8154957313,-0.5606589998054757
2025-11-06,3979.89990234375,16669.0,2134000.0,2124000.0,2132909.526971819,0.05112607986374888
2025-11-07,3999.39990234375,16694.099609375,2139000.0,2129000.0,2146587.372721758,-0.35346209607754386
2025-11-10,4111.7998046875,16653.0,2165000.0,2155000.0,2201482.217353704,-1.6571661159070112
2025-11-11,4106.7998046875,16690.0,2221000.0,2210000.0,2203690.540943443,0.7854759429673206
2025-11-12,4204.39990234375,16694.900390625,2214000.0,2203000.0,2256724.7278274917,-1.8932184019015041
2025-11-13,4186.89990234375,16729.0,2262000.0,2251000.0,2251921.76013338,0.4475395213563282
2025-11-14,4087.60009765625,16719.0,2245000.0,2234000.0,2197199.2230043192,2.1755322182537835
2025-11-17,4068.300048828125,16679.5,2212000.0,2201000.0,2181658.355632926,1.3907605784715842
2025-11-18,4061.300048828125,16738.900390625,2176000.0,2166000.0,2185660.6804306405,-0.4420027553744996
2025-11-19,4077.699951171875,16727.69921875,2193000.0,2183000.0,2193018.0940252603,-0.0008250741436926218
2025-11-20,4056.5,16686.69921875,2194000.0,2184000.0,2176269.4031494646,0.8147243546628883
2025-11-21,4076.699951171875,16731.0,2187000.0,2177000.0,2192912.9160080585,-0.26963752025421245
2025-11-24,4091.89990234375,16639.0,2179000.0,2169000.0,2188985.885032156,-0.45618773060335766
2025-11-25,4139.2001953125,16645.0,2220000.0,2209000.0,2215087.9242199934,0.22175534100915195
2025-11-26,4165.2001953125,16633.5,2223000.0,2212000.0,2227461.779180172,-0.20030777730399843
2025-11-28,4218.2998046875,16603.900390625,2233000.0,2222000.0,2251843.997454439,-0.8368251742012645
2025-12-01,4239.2998046875,16635.0,2263000.0,2252000.0,2267293.1422822694,-0.1893510019594524
2025-12-02,4186.60009765625,16609.0,2249000.0,2238000.0,2235608.244151708,0.5990206863534465
2025-12-03,4199.2998046875,16609.900390625,2248000.0,2237000.0,2242511.3400816754,0.24475505743148893
2025-12-04,4211.7998046875,16594.0,2239000.0,2228000.0,2247033.483658893,-0.3575150845465791
2025-12-05,4212.89990234375,16654.400390625,2246000.0,2235000.0,2255801.4943417227,-0.4345016335128776
2025-12-08,4187.2001953125,16683.0,2250000.0,2239000.0,2245890.6829906097,0.1829704820680942
2025-12-09,4206.7001953125,16686.0,2242000.0,2231000.0,2256755.653189653,-0.6538436347239331
2025-12-10,4196.39990234375,16662.0,2250000.0,2239000.0,2247991.8714244883,0.08932988597682288
2025-12-11,4285.5,16639.0,2251000.0,2240000.0,2292553.3943125373,-1.8125376890075788
2025-12-12,4300.10009765625,16649.0,2279000.0,2268000.0,2301746.315555449,-0.9882199181433272
2025-12-15,4306.7001953125,16623.099609375,2311000.0,2300000.0,2301692.93919959,0.40435718604786575
2025-12-16,4304.5,16645.80078125,2294000.0,2283000.0,2303658.734962002,-0.4192780300056565
2025-12-17,4347.5,16644.599609375,2311000.0,2300000.0,2326503.3453392,-0.6663796710311471
2025-12-18,4339.5,16657.0,2315000.0,2304000.0,2323952.336553764,-0.38522031682627644
2025-12-19,4361.39990234375,16685.19921875,2312000.0,2301000.0,2339634.6470089303,-1.1811522386309086
2025-12-23,4482.7998046875,16756.400390625,2375000.0,2364000.0,2415020.444591744,-1.6571472378781156
2025-12-24,4480.60009765625,16735.0,2389000.0,2378000.0,2410752.57235608,-0.9023145969236037
2025-12-26,4529.10009765625,16753.099609375,2376000.0,2365000.0,2439483.1796056777,-2.602320857811336
2025-12-29,4325.10009765625,16741.099609375,2386000.0,2375000.0,2327935.169848436,2.4942631952823833
2025-12-30,4370.10009765625,16770.0,2347000.0,2336000.0,2356216.459166824,-0.39115502868878593
2026-01-05,4436.89990234375,16683.0,2356000.0,2345000.0,2379822.24093111,-1.001009256968264
2026-01-06,4482.2001953125,16727.19921875,2396000.0,2385000.0,2410489.3534590113,-0.6010959325839511
2026-01-07,4449.2998046875,16742.0,2399000.0,2388000.0,2394913.0268322895,0.17065225842945292
2026-01-08,4449.7001953125,16753.0,2391000.0,2380000.0,2396702.215894363,-0.23791924822980262
2026-01-09,4490.2998046875,16805.69921875,2406000.0,2395000.0,2426178.015965727,-0.8316791197077683
2026-01-12,4604.2998046875,16826.69921875,2462000.0,2450000.0,2490882.631421735,-1.1595340164722874
2026-01-13,4589.2001953125,16859.400390625,2480000.0,2468000.0,2487538.81606597,-0.3030632534165829
2026-01-14,4626.2998046875,16840.80078125,2492000.0,2480000.0,2504881.873907373,-0.5142707143821655
2026-01-15,4616.2998046875,16845.099609375,2474000.0,2462000.0,2500105.455549996,-1.0441741764150092
2026-01-16,4588.39990234375,16878.900390625,2497000.0,2485000.0,2489981.671002094,0.2818626771289165
2026-01-20,4759.60009765625,16939.0,2547000.0,2535000.0,2592083.4007169358,-1.7392727681704332
2026-01-21,4831.7998046875,16960.099609375,2648000.0,2635000.0,2634681.176718333,0.5055193546513532
2026-01-22,4908.7998046875,16897.0,2613000.0,2600000.0,2666709.2224284946,-2.014063699812879
2026-01-23,4976.2001953125,16820.0,2681000.0,2668000.0,2691005.4265647354,-0.3718099735498496
2026-01-26,5079.7001953125,16770.0,2738000.0,2725000.0,2738809.8534052637,-0.029569537449152222
2026-01-28,5301.60009765625,16674.69921875,2814000.0,2800000.0,2842207.0508628804,-0.9924347648886769
2026-01-29,5318.39990234375,16722.80078125,3015000.0,3000000.0,2859438.3925254066,5.4402853329952015
2026-01-30,4713.89990234375,16778.30078125,2814000.0,2800000.0,2542840.2081511226,10.663658336834127
2026-02-02,4622.5,16758.400390625,2600000.0,2588000.0,2490578.417402031,4.393420493545785
2026-02-03,4903.7001953125,16758.400390625,2653000.0,2640000.0,2642087.5872050696,0.4130223709379023
2026-02-04,4920.39990234375,16759.0,2783000.0,2770000.0,2651180.1553966245,4.972119466685389
2026-02-05,4861.39990234375,16800.0,2688000.0,2675000.0,2625798.3300713743,2.368866992421879
2026-02-06,4951.2001953125,16879.900390625,2668000.0,2655000.0,2687021.2712690867,-0.7078943316329965
2026-02-09,5050.89990234375,16843.5,2738000.0,2725000.0,2735217.3390495265,0.10173454630996416
2026-02-10,5003.7998046875,16796.0,2725000.0,2712000.0,2702069.5908669843,0.8486239292474415
2026-02-11,5071.60009765625,16778.0,2718000.0,2705000.0,2735746.987910575,-0.6487072082688838
2026-02-13,5022.0,16809.0,2685000.0,2672000.0,2713996.7527770186,-1.068415161047945
2026-02-18,4986.5,16840.0,2678000.0,2665000.0,2699781.696593631,-0.8067947353341
2026-02-19,4975.89990234375,16915.30078125,2694000.0,2681000.0,2706089.1380563932,-0.44673835338166595
2026-02-20,5059.2998046875,16887.19921875,2703000.0,2690000.0,2746874.265247987,-1.5972433031632105
2026-02-23,5204.7001953125,16843.400390625,2683000.0,2670000.0,2818488.250608857,-4.80712490391217
2026-02-24,5155.7998046875,16804.30078125,2728000.0,2715000.0,2785526.088249835,-2.0651785848460396
2026-02-25,5206.39990234375,16816.80078125,2773000.0,2760000.0,2814956.1928797173,-1.4904740963942282
2026-02-26,5176.5,16749.80078125,2753000.0,2740000.0,2787639.45357084,-1.2426088146538596
2026-02-27,5230.5,16749.0,2743000.0,2730000.0,2816584.7734177825,-2.61255312150577
2026-03-02,5294.39990234375,16795.0,2839000.0,2825000.0,2858824.4525491754,-0.6934477047549443
2026-03-03,5107.39990234375,16863.0,2803000.0,2790000.0,2769015.852017382,1.2273005933808034
2026-03-04,5120.2001953125,16898.099609375,2703000.0,2690000.0,2781733.6608527,-2.830380994439466
2026-03-05,5065.2998046875,16865.0,2703000.0,2690000.0,2746516.6687367884,-1.5844312627748647
2026-03-06,5146.10009765625,16913.099609375,2693000.0,2680000.0,2798286.4806685606,-3.7625340148663327
2026-03-09,5091.5,16923.69921875,2708000.0,2695000.0,2770331.7817051336,-2.249975332079847
2026-03-12,5115.7998046875,16884.0,2618000.0,2605000.0,2777023.933073248,-5.726415648757512
2026-03-13,5052.5,16908.0,2567000.0,2555000.0,2746561.3194656554,-6.537677429338775
2026-03-16,4994.0,16952.099609375,2537000.0,2525000.0,2721841.12557168,-6.7910328723854825
2026-03-24,4399.2998046875,16865.099609375,2355000.0,2344000.0,2385410.947885565,-1.2748724873808994
2026-03-25,4549.7998046875,16797.30078125,2422000.0,2410000.0,2457098.2626973954,-1.4284435926003476
2026-03-26,4375.5,16749.599609375,2412000.0,2400000.0,2356258.0767701487,2.365696855509978
2026-03-30,4526.0,16958.0,2422000.0,2410000.0,2467629.3021685663,-1.8491149431750946
2026-03-31,4647.60009765625,16975.400390625,2462000.0,2450000.0,2536527.1597480252,-2.938157372437859
2026-04-01,4783.2001953125,16936.400390625,2517000.0,2505000.0,2604536.2630034625,-3.360915501422838
2026-04-02,4651.5,16924.099609375,2517000.0,2505000.0,2530983.6299132835,-0.5524978410770132
2026-04-06,4656.7998046875,16988.0,2643000.0,2630000.0,2543434.5035777725,3.9146082308064822
2026-04-07,4657.10009765625,17015.30078125,2638000.0,2625000.0,2547686.2388480348,3.5449326441705646
2026-04-08,4749.5,17027.400390625,2703000.0,2690000.0,2600081.6035260805,3.958275630055131
2026-04-09,4792.2001953125,17005.5,2640000.0,2627000.0,2620083.283919389,0.7601558394288002
2026-04-10,4761.89990234375,17059.0,2669000.0,2656500.0,2611707.6995862853,2.1936719956368114
2026-04-13,4742.39990234375,17083.0,2635000.0,2622000.0,2604672.063650016,1.1643667843346166
2026-04-14,4825.0,17079.19921875,2669000.0,2656500.0,2649448.9761753096,0.7379279239003815
2026-04-15,4800.0,17129.0,2694000.0,2681000.0,2643406.6905653705,1.9139434584622559
2026-04-16,4785.39990234375,17146.099609375,2692000.0,2679000.0,2637997.119175634,2.0471167474679373
2026-04-17,4857.60009765625,17123.0,2674000.0,2661500.0,2674190.572513317,-0.007126362469302834
2026-04-20,4806.60009765625,17133.0,2655000.0,2642000.0,2647659.57121046,0.2772421677377613
2026-04-21,4698.39990234375,17123.80078125,2638000.0,2625000.0,2586669.1503650337,1.9844381577644934
2026-04-22,4732.5,17133.099609375,2609000.0,2597000.0,2606857.55305246,0.08218504095214145
2026-04-23,4705.10009765625,17199.5,2589000.0,2577000.0,2601809.0931772524,-0.4923148747093647
2026-04-24,4722.2998046875,17329.0,2569000.0,2557000.0,2630981.5074004433,-2.3558321191578613
2026-04-27,4675.39990234375,17246.0,2577000.0,2565000.0,2592375.3505496266,-0.5930989332376888
2026-04-28,4591.5,17216.0,2542000.0,2530000.0,2541426.6561640976,0.02255992060647451
2026-04-29,4545.2001953125,17244.0,2517000.0,2505000.0,2519891.0787521903,-0.11473030626474365
2026-04-30,4614.7001953125,17334.19921875,2488000.0,2476000.0,2571804.861843568,-3.2586011126634737
2026-05-01,4629.89990234375,17311.0,2537000.0,2525000.0,2576822.454369208,-1.5454093199818908
2026-05-04,4519.5,17288.5,2533000.0,2521000.0,2512108.7900075554,0.8316204328229662
2026-05-05,4555.7998046875,17346.19921875,2443000.0,2431000.0,2540736.9271256197,-3.846794450938737
2026-05-06,4681.89990234375,17389.80078125,2530000.0,2518000.0,2617625.237658516,-3.3475088946230294
2026-05-07,4699.7998046875,17296.900390625,2590000.0,2578000.0,2613595.546403412,-0.9028002223175572
2026-05-08,4720.39990234375,17294.900390625,2570000.0,2558000.0,2624747.8938045925,-2.085834374181935
2026-05-11,4718.7001953125,17358.0,2554000.0,2542000.0,2633375.6005026563,-3.0142149295947442
2026-05-12,4677.60009765625,17413.0,2576000.0,2564000.0,2618710.12910085,-1.6309605490973007
2026-05-13,4697.7001953125,17549.0,2579000.0,2567000.0,2650503.6644602395,-2.697738751279968
2026-05-14,4678.10009765625,17500.0,2585000.0,2573000.0,2632075.223334492,-1.7885211986781322
2026-05-15,4555.7998046875,17530.599609375,2545000.0,2533000.0,2567746.468289594,-0.8858533570390169
2026-05-18,4552.5,17586.0,2539000.0,2527000.0,2573995.3702959474,-1.3595739409556045
2026-05-19,4506.2998046875,17701.0,2542000.0,2530000.0,2564534.9508181857,-0.878714903495317
2026-05-20,4531.2998046875,17777.0,2505000.0,2493000.0,2589834.47611779,-3.275671742734642
2026-05-21,4539.7998046875,17658.400390625,2537000.0,2525000.0,2577382.051680777,-1.566785632515872
2026-05-26,4500.39990234375,17762.0,2553000.0,2541000.0,2570003.4743816513,-0.6616128947351847
2026-05-28,4499.2998046875,17804.0,2478000.0,2466000.0,2575450.792439958,-3.7838343767241662
2026-05-29,4560.5,17840.0,2547000.0,2535000.0,2615760.9272268396,-2.6287160462993113
2026-06-01,4475.2001953125,17817.0,2554000.0,2542000.0,2563526.3516929867,-0.37161122555636483
2026-06-03,4436.7001953125,17858.0,2537000.0,2525000.0,2547320.786660364,-0.40516242455253737
2026-06-04,4475.7998046875,18004.19921875,2547000.0,2535000.0,2590807.830206764,-1.6908946196626158
2026-06-08,4335.89990234375,18029.0,2527000.0,2515000.0,2513284.335825726,0.5457267201630758
2026-06-09,4260.0,18190.30078125,2542000.0,2530000.0,2491381.3984961496,2.031748392052894
2026-06-10,4108.2001953125,18031.0,2478000.0,2466000.0,2381563.4163897852,4.04929732068202
2026-06-11,4090.300048828125,17875.900390625,2444000.0,2432000.0,2350789.983140808,3.965050792613013
2026-06-12,4215.0,17921.0,2490000.0,2478000.0,2428569.6143520824,2.5294883574629026
2026-06-15,4328.0,17772.0,2506000.0,2494000.0,2472944.073818059,1.3367033461013416
2026-06-16,4330.89990234375,17716.0,2480000.0,2468000.0,2466803.500246656,0.5349635571712279
2026-06-17,4358.89990234375,17730.0,2474000.0,2462000.0,2484713.786826392,-0.4311879655192152
2026-06-18,4224.10009765625,17891.0,2455000.0,2443000.0,2429738.6097117034,1.0396752221546157
2026-06-22,4181.89990234375,17788.0,2422000.0,2410000.0,2391616.2317067413,1.2704282522608492
2026-06-23,4129.89990234375,17862.0,2404000.0,2393000.0,2371703.250620157,1.3617533884729467
2026-06-24,3990.300048828125,17916.0,2384000.0,2373000.0,2298462.0918804854,3.721527904318483
2026-06-25,4030.5,17990.0,2327000.0,2316000.0,2331206.9381259345,-0.18046180530487027
2026-06-26,4078.699951171875,17995.0,2343000.0,2332000.0,2359741.04590602,-0.7094441966445584
2026-06-29,4022.300048828125,17830.0,2343000.0,2332000.0,2305772.979587682,1.6145136898505452
2026-06-30,4022.89990234375,17925.0,2316000.0,2305000.0,2318404.0622281004,-0.10369470392447261
2026-07-01,4068.300048828125,17935.0,2289000.0,2278000.0,2345876.2317981073,-2.4245197179269686
2026-07-02,4112.7001953125,17998.0,2329000.0,2318000.0,2379808.642604028,-2.1349885740574575
