date,xauusd
2020-01-02,1524.5
2020-01-03,1549.199951171875
2020-01-06,1566.199951171875
2020-01-07,1571.800048828125
2020-01-08,1557.4000244140625
2020-01-09,1551.699951171875
2020-01-10,1557.5
2020-01-13,1548.4000244140625
2020-01-14,1542.4000244140625
2020-01-15,1552.0999755859375
2020-01-16,1549.0
2020-01-17,1558.800048828125
2020-01-21,1556.4000244140625
2020-01-22,1555.300048828125
2020-01-23,1564.5999755859375
2020-01-24,1571.0999755859375
2020-01-27,1576.800048828125
2020-01-28,1569.199951171875
2020-01-29,1569.800048828125
2020-01-30,1583.5
2020-01-31,1582.9000244140625
2020-02-03,1577.199951171875
2020-02-04,1550.4000244140625
2020-02-05,1557.800048828125
2020-02-06,1565.0999755859375
2020-02-07,1568.5999755859375
2020-02-10,1574.699951171875
2020-02-11,1565.5999755859375
2020-02-12,1567.4000244140625
2020-02-13,1575.0999755859375
2020-02-14,1582.699951171875
2020-02-18,1600.0
2020-02-19,1607.5
2020-02-20,1616.5999755859375
2020-02-21,1644.5999755859375
2020-02-24,1672.4000244140625
2020-02-25,1646.9000244140625
2020-02-26,1640.0
2020-02-27,1640.0
2020-02-28,1564.0999755859375
2020-03-02,1592.300048828125
2020-03-03,1642.0999755859375
2020-03-04,1641.0999755859375
2020-03-05,1666.4000244140625
2020-03-06,1670.800048828125
2020-03-09,1674.5
2020-03-10,1659.0999755859375
2020-03-11,1641.4000244140625
2020-03-12,1589.300048828125
2020-03-13,1515.699951171875
2020-03-16,1485.9000244140625
2020-03-17,1524.9000244140625
2020-03-18,1477.300048828125
2020-03-19,1478.5999755859375
2020-03-20,1484.0
2020-03-23,1567.0
2020-03-24,1660.199951171875
2020-03-25,1632.300048828125
2020-03-26,1650.0999755859375
2020-03-27,1623.9000244140625
2020-03-30,1622.0
2020-03-31,1583.4000244140625
2020-04-01,1578.199951171875
2020-04-02,1625.699951171875
2020-04-03,1633.699951171875
2020-04-06,1677.0
2020-04-07,1664.800048828125
2020-04-08,1665.4000244140625
2020-04-09,1736.199951171875
2020-04-13,1744.800048828125
2020-04-14,1756.699951171875
2020-04-15,1727.199951171875
2020-04-16,1720.4000244140625
2020-04-17,1689.199951171875
2020-04-20,1701.5999755859375
2020-04-21,1678.199951171875
2020-04-22,1728.699951171875
2020-04-23,1733.300048828125
2020-04-24,1723.5
2020-04-27,1711.9000244140625
2020-04-28,1710.5
2020-04-29,1703.4000244140625
2020-04-30,1684.199951171875
2020-05-01,1694.5
2020-05-04,1706.9000244140625
2020-05-05,1704.4000244140625
2020-05-06,1684.199951171875
2020-05-07,1721.800048828125
2020-05-08,1709.9000244140625
2020-05-11,1695.300048828125
2020-05-12,1704.4000244140625
2020-05-13,1713.9000244140625
2020-05-14,1738.0999755859375
2020-05-15,1753.4000244140625
2020-05-18,1731.800048828125
2020-05-19,1744.199951171875
2020-05-20,1750.5999755859375
2020-05-21,1720.5
2020-05-22,1734.5999755859375
2020-05-26,1704.800048828125
2020-05-27,1710.300048828125
2020-05-28,1713.300048828125
2020-05-29,1736.9000244140625
2020-06-01,1737.800048828125
2020-06-02,1725.199951171875
2020-06-03,1697.800048828125
2020-06-04,1718.9000244140625
2020-06-05,1676.199951171875
2020-06-08,1698.300048828125
2020-06-09,1714.699951171875
2020-06-10,1713.300048828125
2020-06-11,1732.0
2020-06-12,1729.300048828125
2020-06-15,1720.300048828125
2020-06-16,1729.5999755859375
2020-06-17,1729.199951171875
2020-06-18,1724.800048828125
2020-06-19,1745.9000244140625
2020-06-22,1756.699951171875
2020-06-23,1772.0999755859375
2020-06-24,1765.800048828125
2020-06-25,1762.0999755859375
2020-06-26,1772.5
2020-06-29,1774.800048828125
2020-06-30,1793.0
2020-07-01,1773.199951171875
2020-07-02,1784.0
2020-07-06,1788.5
2020-07-07,1804.199951171875
2020-07-08,1815.5
2020-07-09,1799.199951171875
2020-07-10,1798.199951171875
2020-07-13,1811.0
2020-07-14,1810.5999755859375
2020-07-15,1811.4000244140625
2020-07-16,1798.699951171875
2020-07-17,1808.300048828125
2020-07-20,1815.9000244140625
2020-07-21,1842.4000244140625
2020-07-22,1864.0999755859375
2020-07-23,1889.0999755859375
2020-07-24,1897.300048828125
2020-07-27,1931.0
2020-07-28,1944.699951171875
2020-07-29,1953.5
2020-07-30,1942.300048828125
2020-07-31,1962.800048828125
2020-08-03,1966.0
2020-08-04,2001.199951171875
2020-08-05,2031.0999755859375
2020-08-06,2051.5
2020-08-07,2010.0999755859375
2020-08-10,2024.4000244140625
2020-08-11,1932.5999755859375
2020-08-12,1934.9000244140625
2020-08-13,1956.699951171875
2020-08-14,1937.0
2020-08-17,1985.0
2020-08-18,1999.4000244140625
2020-08-19,1958.699951171875
2020-08-20,1933.800048828125
2020-08-21,1934.5999755859375
2020-08-24,1927.699951171875
2020-08-25,1911.800048828125
2020-08-26,1940.699951171875
2020-08-27,1921.5999755859375
2020-08-28,1964.5999755859375
2020-08-31,1967.5999755859375
2020-09-01,1968.199951171875
2020-09-02,1934.4000244140625
2020-09-03,1927.5999755859375
2020-09-04,1923.9000244140625
2020-09-08,1933.0
2020-09-09,1944.699951171875
2020-09-10,1954.199951171875
2020-09-11,1937.800048828125
2020-09-14,1953.0999755859375
2020-09-15,1956.300048828125
2020-09-16,1960.199951171875
2020-09-17,1940.0
2020-09-18,1952.0999755859375
2020-09-21,1901.199951171875
2020-09-22,1898.5999755859375
2020-09-23,1859.9000244140625
2020-09-24,1868.300048828125
2020-09-25,1857.699951171875
2020-09-28,1872.800048828125
2020-09-29,1894.300048828125
2020-09-30,1887.5
2020-10-01,1908.4000244140625
2020-10-02,1900.199951171875
2020-10-05,1912.5
2020-10-06,1901.0999755859375
2020-10-07,1883.5999755859375
2020-10-08,1888.5999755859375
2020-10-09,1919.5
2020-10-12,1922.5
2020-10-13,1888.5
2020-10-14,1901.300048828125
2020-10-15,1903.199951171875
2020-10-16,1900.800048828125
2020-10-19,1906.4000244140625
2020-10-20,1910.4000244140625
2020-10-21,1924.5999755859375
2020-10-22,1901.0999755859375
2020-10-23,1902.0
2020-10-26,1902.699951171875
2020-10-27,1908.800048828125
2020-10-28,1876.199951171875
2020-10-29,1865.5999755859375
2020-10-30,1877.4000244140625
2020-11-02,1890.4000244140625
2020-11-03,1908.5
2020-11-04,1894.5999755859375
2020-11-05,1945.300048828125
2020-11-06,1950.300048828125
2020-11-09,1853.199951171875
2020-11-10,1875.4000244140625
2020-11-11,1860.699951171875
2020-11-12,1872.5999755859375
2020-11-13,1885.699951171875
2020-11-16,1887.300048828125
2020-11-17,1884.5
2020-11-18,1873.5
2020-11-19,1861.0999755859375
2020-11-20,1872.5999755859375
2020-11-23,1837.800048828125
2020-11-24,1804.800048828125
2020-11-25,1805.699951171875
2020-11-27,1781.9000244140625
2020-11-30,1775.699951171875
2020-12-01,1814.0999755859375
2020-12-02,1825.699951171875
2020-12-03,1836.800048828125
2020-12-04,1835.9000244140625
2020-12-07,1861.800048828125
2020-12-08,1870.800048828125
2020-12-09,1834.5999755859375
2020-12-10,1833.5999755859375
2020-12-11,1839.800048828125
2020-12-14,1828.699951171875
2020-12-15,1852.300048828125
2020-12-16,1856.0999755859375
2020-12-17,1887.199951171875
2020-12-18,1885.699951171875
2020-12-21,1879.199951171875
2020-12-22,1866.5999755859375
2020-12-23,1874.699951171875
2020-12-24,1879.9000244140625
2020-12-28,1877.199951171875
2020-12-29,1879.699951171875
2020-12-30,1891.0
2020-12-31,1893.0999755859375
2021-01-04,1944.699951171875
2021-01-05,1952.699951171875
2021-01-06,1906.9000244140625
2021-01-07,1912.300048828125
2021-01-08,1834.0999755859375
2021-01-11,1849.5999755859375
2021-01-12,1842.9000244140625
2021-01-13,1853.5999755859375
2021-01-14,1850.300048828125
2021-01-15,1829.300048828125
2021-01-19,1839.5
2021-01-20,1865.9000244140625
2021-01-21,1865.300048828125
2021-01-22,1855.699951171875
2021-01-25,1854.9000244140625
2021-01-26,1850.699951171875
2021-01-27,1844.9000244140625
2021-01-28,1837.9000244140625
2021-01-29,1847.300048828125
2021-02-01,1860.800048828125
2021-02-02,1830.5
2021-02-03,1832.199951171875
2021-02-04,1788.9000244140625
2021-02-05,1810.9000244140625
2021-02-08,1831.9000244140625
2021-02-09,1835.300048828125
2021-02-10,1840.5999755859375
2021-02-11,1824.9000244140625
2021-02-12,1821.5999755859375
2021-02-16,1797.199951171875
2021-02-17,1771.0999755859375
2021-02-18,1773.4000244140625
2021-02-19,1775.800048828125
2021-02-22,1806.699951171875
2021-02-23,1804.4000244140625
2021-02-24,1796.4000244140625
2021-02-25,1774.4000244140625
2021-02-26,1728.0999755859375
2021-03-01,1722.5
2021-03-02,1733.0999755859375
2021-03-03,1715.300048828125
2021-03-04,1700.199951171875
2021-03-05,1698.0
2021-03-08,1677.699951171875
2021-03-09,1716.5999755859375
2021-03-10,1721.5
2021-03-11,1722.300048828125
2021-03-12,1719.5
2021-03-15,1728.9000244140625
2021-03-16,1730.5999755859375
2021-03-17,1726.800048828125
2021-03-18,1732.199951171875
2021-03-19,1741.4000244140625
2021-03-22,1737.800048828125
2021-03-23,1724.699951171875
2021-03-24,1732.9000244140625
2021-03-25,1724.9000244140625
2021-03-26,1732.199951171875
2021-03-29,1712.0999755859375
2021-03-30,1683.9000244140625
2021-03-31,1713.800048828125
2021-04-01,1726.5
2021-04-05,1727.0
2021-04-06,1741.5
2021-04-07,1740.0999755859375
2021-04-08,1756.800048828125
2021-04-09,1743.300048828125
2021-04-12,1731.199951171875
2021-04-13,1746.199951171875
2021-04-14,1734.9000244140625
2021-04-15,1765.4000244140625
2021-04-16,1779.0
2021-04-19,1769.4000244140625
2021-04-20,1777.300048828125
2021-04-21,1792.300048828125
2021-04-22,1781.199951171875
2021-04-23,1777.0
2021-04-26,1779.199951171875
2021-04-27,1778.0
2021-04-28,1773.199951171875
2021-04-29,1768.0999755859375
2021-04-30,1767.300048828125
2021-05-03,1791.4000244140625
2021-05-04,1775.800048828125
2021-05-05,1784.0999755859375
2021-05-06,1815.5
2021-05-07,1831.0999755859375
2021-05-10,1837.5
2021-05-11,1835.9000244140625
2021-05-12,1822.5999755859375
2021-05-13,1823.800048828125
2021-05-14,1837.9000244140625
2021-05-17,1867.5
2021-05-18,1867.800048828125
2021-05-19,1881.300048828125
2021-05-20,1881.800048828125
2021-05-21,1876.699951171875
2021-05-24,1884.5999755859375
2021-05-25,1898.0999755859375
2021-05-26,1901.300048828125
2021-05-27,1895.699951171875
2021-05-28,1902.5
2021-06-01,1902.9000244140625
2021-06-02,1907.5
2021-06-03,1871.199951171875
2021-06-04,1889.800048828125
2021-06-07,1896.800048828125
2021-06-08,1892.199951171875
2021-06-09,1893.199951171875
2021-06-10,1894.199951171875
2021-06-11,1877.4000244140625
2021-06-14,1864.0
2021-06-15,1854.5
2021-06-16,1859.5
2021-06-17,1773.800048828125
2021-06-18,1767.9000244140625
2021-06-21,1781.800048828125
2021-06-22,1776.300048828125
2021-06-23,1782.300048828125
2021-06-24,1775.5999755859375
2021-06-25,1776.5999755859375
2021-06-28,1779.5999755859375
2021-06-29,1762.800048828125
2021-06-30,1770.800048828125
2021-07-01,1775.9000244140625
2021-07-02,1782.5999755859375
2021-07-06,1793.5
2021-07-07,1801.5
2021-07-08,1799.5999755859375
2021-07-09,1810.0
2021-07-12,1805.5
2021-07-13,1809.4000244140625
2021-07-14,1824.300048828125
2021-07-15,1828.4000244140625
2021-07-16,1814.5
2021-07-19,1808.699951171875
2021-07-20,1810.9000244140625
2021-07-21,1802.9000244140625
2021-07-22,1805.0
2021-07-23,1801.4000244140625
2021-07-26,1798.699951171875
2021-07-27,1799.5
2021-07-28,1799.5
2021-07-29,1831.199951171875
2021-07-30,1812.5999755859375
2021-08-02,1818.0999755859375
2021-08-03,1810.0999755859375
2021-08-04,1810.5
2021-08-05,1805.0999755859375
2021-08-06,1760.0
2021-08-09,1723.4000244140625
2021-08-10,1728.800048828125
2021-08-11,1750.4000244140625
2021-08-12,1749.0
2021-08-13,1775.199951171875
2021-08-16,1786.9000244140625
2021-08-17,1785.0
2021-08-18,1781.5999755859375
2021-08-19,1780.199951171875
2021-08-20,1781.0
2021-08-23,1803.199951171875
2021-08-24,1805.5999755859375
2021-08-25,1788.199951171875
2021-08-26,1792.199951171875
2021-08-27,1816.5999755859375
2021-08-30,1809.0
2021-08-31,1815.0
2021-09-01,1813.0999755859375
2021-09-02,1808.699951171875
2021-09-03,1830.9000244140625
2021-09-07,1795.9000244140625
2021-09-08,1790.699951171875
2021-09-09,1797.4000244140625
2021-09-10,1789.5999755859375
2021-09-13,1792.0
2021-09-14,1804.699951171875
2021-09-15,1792.4000244140625
2021-09-16,1754.5999755859375
2021-09-17,1749.4000244140625
2021-09-20,1761.800048828125
2021-09-21,1776.0
2021-09-22,1776.699951171875
2021-09-23,1747.699951171875
2021-09-24,1749.699951171875
2021-09-27,1750.0
2021-09-28,1735.800048828125
2021-09-29,1721.5
2021-09-30,1755.300048828125
2021-10-01,1757.0
2021-10-04,1766.199951171875
2021-10-05,1759.5999755859375
2021-10-06,1760.5
2021-10-07,1757.9000244140625
2021-10-08,1756.300048828125
2021-10-11,1754.5999755859375
2021-10-12,1758.300048828125
2021-10-13,1793.699951171875
2021-10-14,1796.699951171875
2021-10-15,1767.199951171875
2021-10-18,1764.800048828125
2021-10-19,1769.699951171875
2021-10-20,1784.0999755859375
2021-10-21,1781.199951171875
2021-10-22,1795.5
2021-10-25,1806.0
2021-10-26,1792.699951171875
2021-10-27,1797.9000244140625
2021-10-28,1801.5999755859375
2021-10-29,1783.0
2021-11-01,1795.0999755859375
2021-11-02,1788.699951171875
2021-11-03,1763.5999755859375
2021-11-04,1793.0
2021-11-05,1816.4000244140625
2021-11-08,1827.4000244140625
2021-11-09,1830.199951171875
2021-11-10,1847.5999755859375
2021-11-11,1863.199951171875
2021-11-12,1867.9000244140625
2021-11-15,1866.0999755859375
2021-11-16,1853.5999755859375
2021-11-17,1869.699951171875
2021-11-18,1861.0
2021-11-19,1851.199951171875
2021-11-22,1806.0
2021-11-23,1783.5
2021-11-24,1784.0999755859375
2021-11-26,1785.300048828125
2021-11-29,1782.300048828125
2021-11-30,1773.5999755859375
2021-12-01,1781.5999755859375
2021-12-02,1760.699951171875
2021-12-03,1782.0
2021-12-06,1777.5
2021-12-07,1782.5999755859375
2021-12-08,1783.4000244140625
2021-12-09,1774.5999755859375
2021-12-10,1782.9000244140625
2021-12-13,1786.300048828125
2021-12-14,1770.4000244140625
2021-12-15,1762.5999755859375
2021-12-16,1796.5999755859375
2021-12-17,1803.800048828125
2021-12-20,1793.699951171875
2021-12-21,1787.9000244140625
2021-12-22,1801.5999755859375
2021-12-23,1811.199951171875
2021-12-27,1808.0999755859375
2021-12-28,1810.199951171875
2021-12-29,1805.0999755859375
2021-12-30,1812.699951171875
2021-12-31,1827.5
2022-01-03,1799.4000244140625
2022-01-04,1814.0
2022-01-05,1824.5999755859375
2022-01-06,1788.699951171875
2022-01-07,1797.0
2022-01-10,1798.4000244140625
2022-01-11,1818.5999755859375
2022-01-12,1827.199951171875
2022-01-13,1821.199951171875
2022-01-14,1816.5
2022-01-18,1812.300048828125
2022-01-19,1843.0999755859375
2022-01-20,1842.5
2022-01-21,1831.800048828125
2022-01-24,1841.699951171875
2022-01-25,1852.699951171875
2022-01-26,1829.9000244140625
2022-01-27,1793.300048828125
2022-01-28,1784.9000244140625
2022-01-31,1795.0
2022-02-01,1800.300048828125
2022-02-02,1809.199951171875
2022-02-03,1803.0
2022-02-04,1806.5999755859375
2022-02-07,1820.5999755859375
2022-02-08,1826.5999755859375
2022-02-09,1835.199951171875
2022-02-10,1836.199951171875
2022-02-11,1840.800048828125
2022-02-14,1868.0
2022-02-15,1854.800048828125
2022-02-16,1870.199951171875
2022-02-17,1900.699951171875
2022-02-18,1898.5999755859375
2022-02-22,1906.0999755859375
2022-02-23,1909.199951171875
2022-02-24,1925.0999755859375
2022-02-25,1886.5
2022-02-28,1899.4000244140625
2022-03-01,1942.4000244140625
2022-03-02,1920.9000244140625
2022-03-03,1934.4000244140625
2022-03-04,1965.0999755859375
2022-03-07,1993.9000244140625
2022-03-08,2040.0999755859375
2022-03-09,1985.9000244140625
2022-03-10,1998.0999755859375
2022-03-11,1982.699951171875
2022-03-14,1959.5999755859375
2022-03-15,1928.5
2022-03-16,1908.0
2022-03-17,1942.0999755859375
2022-03-18,1928.199951171875
2022-03-21,1928.5999755859375
2022-03-22,1920.699951171875
2022-03-23,1936.5999755859375
2022-03-24,1961.5999755859375
2022-03-25,1953.800048828125
2022-03-28,1939.5999755859375
2022-03-29,1912.0
2022-03-30,1933.5
2022-03-31,1949.199951171875
2022-04-01,1919.0999755859375
2022-04-04,1929.199951171875
2022-04-05,1922.9000244140625
2022-04-06,1918.4000244140625
2022-04-07,1933.800048828125
2022-04-08,1941.5999755859375
2022-04-11,1944.300048828125
2022-04-12,1972.0999755859375
2022-04-13,1981.0
2022-04-14,1970.9000244140625
2022-04-18,1982.9000244140625
2022-04-19,1955.699951171875
2022-04-20,1952.300048828125
2022-04-21,1944.9000244140625
2022-04-22,1931.0
2022-04-25,1893.199951171875
2022-04-26,1901.4000244140625
2022-04-27,1885.9000244140625
2022-04-28,1888.699951171875
2022-04-29,1909.300048828125
2022-05-02,1861.800048828125
2022-05-03,1868.800048828125
2022-05-04,1867.0
2022-05-05,1874.0
2022-05-06,1881.199951171875
2022-05-09,1857.0999755859375
2022-05-10,1839.9000244140625
2022-05-11,1852.5999755859375
2022-05-12,1823.800048828125
2022-05-13,1807.4000244140625
2022-05-16,1813.5
2022-05-17,1818.199951171875
2022-05-18,1815.9000244140625
2022-05-19,1841.199951171875
2022-05-20,1841.800048828125
2022-05-23,1847.800048828125
2022-05-24,1865.0999755859375
2022-05-25,1846.199951171875
2022-05-26,1847.4000244140625
2022-05-27,1851.300048828125
2022-05-31,1842.699951171875
2022-06-01,1843.300048828125
2022-06-02,1866.5
2022-06-03,1845.4000244140625
2022-06-06,1839.199951171875
2022-06-07,1847.5
2022-06-08,1851.9000244140625
2022-06-09,1848.800048828125
2022-06-10,1871.5
2022-06-13,1828.0
2022-06-14,1809.5
2022-06-15,1815.300048828125
2022-06-16,1845.699951171875
2022-06-17,1835.5999755859375
2022-06-21,1834.5999755859375
2022-06-22,1834.300048828125
2022-06-23,1825.699951171875
2022-06-24,1826.5
2022-06-27,1820.9000244140625
2022-06-28,1817.5
2022-06-29,1813.699951171875
2022-06-30,1804.0999755859375
2022-07-01,1798.9000244140625
2022-07-05,1761.800048828125
2022-07-06,1734.9000244140625
2022-07-07,1737.9000244140625
2022-07-08,1740.5999755859375
2022-07-11,1730.0
2022-07-12,1723.300048828125
2022-07-13,1734.199951171875
2022-07-14,1704.5
2022-07-15,1702.4000244140625
2022-07-18,1709.199951171875
2022-07-19,1710.0
2022-07-20,1699.5
2022-07-21,1712.699951171875
2022-07-22,1727.0999755859375
2022-07-25,1719.0
2022-07-26,1717.699951171875
2022-07-27,1719.0999755859375
2022-07-28,1750.300048828125
2022-07-29,1762.9000244140625
2022-08-01,1769.0
2022-08-02,1771.0999755859375
2022-08-03,1758.0
2022-08-04,1788.5
2022-08-05,1772.9000244140625
2022-08-08,1786.800048828125
2022-08-09,1794.0
2022-08-10,1795.5999755859375
2022-08-11,1789.699951171875
2022-08-12,1798.5999755859375
2022-08-15,1781.4000244140625
2022-08-16,1773.199951171875
2022-08-17,1760.300048828125
2022-08-18,1755.300048828125
2022-08-19,1747.5999755859375
2022-08-22,1734.0
2022-08-23,1746.800048828125
2022-08-24,1747.800048828125
2022-08-25,1757.699951171875
2022-08-26,1736.0999755859375
2022-08-29,1736.5999755859375
2022-08-30,1723.199951171875
2022-08-31,1712.800048828125
2022-09-01,1696.5999755859375
2022-09-02,1709.800048828125
2022-09-06,1700.4000244140625
2022-09-07,1715.300048828125
2022-09-08,1708.0
2022-09-09,1716.199951171875
2022-09-12,1728.0999755859375
2022-09-13,1705.0
2022-09-14,1696.5
2022-09-15,1665.4000244140625
2022-09-16,1671.699951171875
2022-09-19,1666.199951171875
2022-09-20,1659.699951171875
2022-09-21,1664.5999755859375
2022-09-22,1670.800048828125
2022-09-23,1645.300048828125
2022-09-26,1623.300048828125
2022-09-27,1626.699951171875
2022-09-28,1660.4000244140625
2022-09-29,1658.5
2022-09-30,1662.4000244140625
2022-10-03,1692.9000244140625
2022-10-04,1721.0999755859375
2022-10-05,1711.4000244140625
2022-10-06,1711.699951171875
2022-10-07,1700.5
2022-10-10,1667.300048828125
2022-10-11,1678.699951171875
2022-10-12,1670.300048828125
2022-10-13,1670.0
2022-10-14,1641.699951171875
2022-10-17,1657.0
2022-10-18,1649.0
2022-10-19,1627.5
2022-10-20,1630.800048828125
2022-10-21,1651.0
2022-10-24,1648.699951171875
2022-10-25,1652.800048828125
2022-10-26,1664.0
2022-10-27,1660.699951171875
2022-10-28,1639.5999755859375
2022-10-31,1635.9000244140625
2022-11-01,1645.0
2022-11-02,1645.699951171875
2022-11-03,1627.300048828125
2022-11-04,1672.5
2022-11-07,1676.5
2022-11-08,1712.0999755859375
2022-11-09,1710.0999755859375
2022-11-10,1750.300048828125
2022-11-11,1766.0
2022-11-14,1773.5999755859375
2022-11-15,1773.800048828125
2022-11-16,1773.0
2022-11-17,1760.800048828125
2022-11-18,1751.9000244140625
2022-11-21,1737.4000244140625
2022-11-22,1738.300048828125
2022-11-23,1744.9000244140625
2022-11-25,1753.300048828125
2022-11-28,1740.0999755859375
2022-11-29,1748.4000244140625
2022-11-30,1746.0
2022-12-01,1801.0999755859375
2022-12-02,1795.9000244140625
2022-12-05,1767.4000244140625
2022-12-06,1769.300048828125
2022-12-07,1785.5
2022-12-08,1788.699951171875
2022-12-09,1798.0999755859375
2022-12-12,1780.5
2022-12-13,1813.9000244140625
2022-12-14,1807.5
2022-12-15,1777.199951171875
2022-12-16,1790.0
2022-12-19,1787.699951171875
2022-12-20,1815.9000244140625
2022-12-21,1815.9000244140625
2022-12-22,1787.0
2022-12-23,1795.9000244140625
2022-12-27,1814.800048828125
2022-12-28,1807.9000244140625
2022-12-29,1819.5
2022-12-30,1819.699951171875
2023-01-03,1839.699951171875
2023-01-04,1852.800048828125
2023-01-05,1834.800048828125
2023-01-06,1864.199951171875
2023-01-09,1872.699951171875
2023-01-10,1871.5999755859375
2023-01-11,1874.5999755859375
2023-01-12,1895.5
2023-01-13,1918.4000244140625
2023-01-17,1907.199951171875
2023-01-18,1904.4000244140625
2023-01-19,1922.0999755859375
2023-01-20,1926.4000244140625
2023-01-23,1927.0999755859375
2023-01-24,1933.9000244140625
2023-01-25,1941.199951171875
2023-01-26,1929.0999755859375
2023-01-27,1928.5999755859375
2023-01-30,1922.9000244140625
2023-01-31,1929.5
2023-02-01,1927.800048828125
2023-02-02,1916.300048828125
2023-02-03,1862.9000244140625
2023-02-06,1866.199951171875
2023-02-07,1871.699951171875
2023-02-08,1877.4000244140625
2023-02-09,1866.199951171875
2023-02-10,1862.800048828125
2023-02-13,1851.9000244140625
2023-02-14,1854.0
2023-02-15,1834.199951171875
2023-02-16,1842.0
2023-02-17,1840.4000244140625
2023-02-21,1833.0
2023-02-22,1832.0
2023-02-23,1818.0
2023-02-24,1808.800048828125
2023-02-27,1817.0
2023-02-28,1828.9000244140625
2023-03-01,1837.699951171875
2023-03-02,1833.5
2023-03-03,1847.699951171875
2023-03-06,1847.9000244140625
2023-03-07,1813.9000244140625
2023-03-08,1812.699951171875
2023-03-09,1829.300048828125
2023-03-10,1862.0
2023-03-13,1911.699951171875
2023-03-14,1906.199951171875
2023-03-15,1926.5999755859375
2023-03-16,1919.0
2023-03-17,1969.800048828125
2023-03-20,1979.199951171875
2023-03-21,1938.0
2023-03-22,1946.800048828125
2023-03-23,1993.800048828125
2023-03-24,1982.0999755859375
2023-03-27,1952.4000244140625
2023-03-28,1972.4000244140625
2023-03-29,1966.0999755859375
2023-03-30,1980.300048828125
2023-03-31,1969.0
2023-04-03,1983.9000244140625
2023-04-04,2022.199951171875
2023-04-05,2020.9000244140625
2023-04-06,2011.9000244140625
2023-04-10,1989.0999755859375
2023-04-11,2004.800048828125
2023-04-12,2010.9000244140625
2023-04-13,2041.300048828125
2023-04-14,2002.199951171875
2023-04-17,1994.199951171875
2023-04-18,2007.4000244140625
2023-04-19,1995.199951171875
2023-04-20,2007.5999755859375
2023-04-21,1979.5
2023-04-24,1989.0999755859375
2023-04-25,1994.0
2023-04-26,1985.699951171875
2023-04-27,1989.9000244140625
2023-04-28,1990.0999755859375
2023-05-01,1983.4000244140625
2023-05-02,2014.300048828125
2023-05-03,2028.5999755859375
2023-05-04,2048.0
2023-05-05,2017.4000244140625
2023-05-08,2026.300048828125
2023-05-09,2036.199951171875
2023-05-10,2030.5
2023-05-11,2014.699951171875
2023-05-12,2014.5
2023-05-15,2018.0
2023-05-16,1988.4000244140625
2023-05-17,1980.699951171875
2023-05-18,1956.5
2023-05-19,1978.699951171875
2023-05-22,1974.800048828125
2023-05-23,1972.4000244140625
2023-05-24,1962.800048828125
2023-05-25,1943.0999755859375
2023-05-26,1944.0999755859375
2023-05-30,1958.0
2023-05-31,1963.9000244140625
2023-06-01,1978.0
2023-06-02,1952.4000244140625
2023-06-05,1958.0
2023-06-06,1965.5
2023-06-07,1942.699951171875
2023-06-08,1963.5999755859375
2023-06-09,1962.199951171875
2023-06-12,1955.300048828125
2023-06-13,1944.5999755859375
2023-06-14,1955.300048828125
2023-06-15,1957.800048828125
2023-06-16,1958.4000244140625
2023-06-20,1935.5
2023-06-21,1933.300048828125
2023-06-22,1912.699951171875
2023-06-23,1919.0999755859375
2023-06-26,1923.699951171875
2023-06-27,1914.0
2023-06-28,1912.300048828125
2023-06-29,1909.199951171875
2023-06-30,1921.0999755859375
2023-07-03,1921.699951171875
2023-07-05,1919.5999755859375
2023-07-06,1908.699951171875
2023-07-07,1926.199951171875
2023-07-10,1925.0
2023-07-11,1931.300048828125
2023-07-12,1956.199951171875
2023-07-13,1959.199951171875
2023-07-14,1960.0999755859375
2023-07-17,1952.4000244140625
2023-07-18,1977.199951171875
2023-07-19,1977.5
2023-07-20,1968.300048828125
2023-07-21,1964.300048828125
2023-07-24,1960.300048828125
2023-07-25,1962.0999755859375
2023-07-26,1968.9000244140625
2023-07-27,1945.4000244140625
2023-07-28,1960.4000244140625
2023-07-31,1970.5
2023-08-01,1940.699951171875
2023-08-02,1937.4000244140625
2023-08-03,1932.0
2023-08-04,1939.5999755859375
2023-08-07,1933.5
2023-08-08,1924.0999755859375
2023-08-09,1915.4000244140625
2023-08-10,1914.4000244140625
2023-08-11,1912.9000244140625
2023-08-14,1910.5999755859375
2023-08-15,1902.5
2023-08-16,1896.0999755859375
2023-08-17,1884.0999755859375
2023-08-18,1886.0999755859375
2023-08-21,1893.300048828125
2023-08-22,1896.4000244140625
2023-08-23,1918.5
2023-08-24,1918.199951171875
2023-08-25,1911.0999755859375
2023-08-28,1917.9000244140625
2023-08-29,1936.5
2023-08-30,1944.300048828125
2023-08-31,1938.199951171875
2023-09-01,1939.800048828125
2023-09-05,1926.199951171875
2023-09-06,1918.0999755859375
2023-09-07,1917.5
2023-09-08,1918.4000244140625
2023-09-11,1923.300048828125
2023-09-12,1911.300048828125
2023-09-13,1909.0999755859375
2023-09-14,1910.0
2023-09-15,1923.699951171875
2023-09-18,1931.5
2023-09-19,1932.0
2023-09-20,1945.5999755859375
2023-09-21,1919.199951171875
2023-09-22,1925.4000244140625
2023-09-25,1916.5999755859375
2023-09-26,1900.4000244140625
2023-09-27,1871.5999755859375
2023-09-28,1860.4000244140625
2023-09-29,1848.0999755859375
2023-10-02,1830.0
2023-10-03,1824.5999755859375
2023-10-04,1818.5
2023-10-05,1816.5999755859375
2023-10-06,1830.199951171875
2023-10-09,1849.5
2023-10-10,1861.0
2023-10-11,1872.800048828125
2023-10-12,1869.300048828125
2023-10-13,1927.4000244140625
2023-10-16,1921.0999755859375
2023-10-17,1922.699951171875
2023-10-18,1955.300048828125
2023-10-19,1968.4000244140625
2023-10-20,1982.5
2023-10-23,1976.300048828125
2023-10-24,1975.0
2023-10-25,1984.0999755859375
2023-10-26,1987.199951171875
2023-10-27,1988.5999755859375
2023-10-30,1996.199951171875
2023-10-31,1985.199951171875
2023-11-01,1978.800048828125
2023-11-02,1985.5999755859375
2023-11-03,1991.5
2023-11-06,1981.5999755859375
2023-11-07,1966.800048828125
2023-11-08,1951.5
2023-11-09,1964.199951171875
2023-11-10,1932.5999755859375
2023-11-13,1945.5
2023-11-14,1961.800048828125
2023-11-15,1960.0999755859375
2023-11-16,1983.9000244140625
2023-11-17,1981.5999755859375
2023-11-20,1977.699951171875
2023-11-21,1999.300048828125
2023-11-22,1991.4000244140625
2023-11-24,2002.199951171875
2023-11-27,2011.800048828125
2023-11-28,2039.699951171875
2023-11-29,2047.0999755859375
2023-11-30,2038.0999755859375
2023-12-01,2071.0
2023-12-04,2024.0999755859375
2023-12-05,2018.5
2023-12-06,2030.5
2023-12-07,2029.9000244140625
2023-12-08,1998.300048828125
2023-12-11,1978.0
2023-12-12,1977.800048828125
2023-12-13,1982.300048828125
2023-12-14,2030.199951171875
2023-12-15,2021.0999755859375
2023-12-18,2026.300048828125
2023-12-19,2038.4000244140625
2023-12-20,2034.5
2023-12-21,2039.0999755859375
2023-12-22,2057.10009765625
2023-12-26,2058.199951171875
2023-12-27,2081.89990234375
2023-12-28,2073.89990234375
2023-12-29,2062.39990234375
2024-01-02,2064.39990234375
2024-01-03,2034.199951171875
2024-01-04,2042.300048828125
2024-01-05,2042.4000244140625
2024-01-08,2026.5999755859375
2024-01-09,2026.4000244140625
2024-01-10,2021.699951171875
2024-01-11,2014.300048828125
2024-01-12,2046.699951171875
2024-01-16,2026.0
2024-01-17,2002.5999755859375
2024-01-18,2018.5999755859375
2024-01-19,2026.5
2024-01-22,2019.800048828125
2024-01-23,2023.699951171875
2024-01-24,2013.9000244140625
2024-01-25,2016.9000244140625
2024-01-26,2016.800048828125
2024-01-29,2025.199951171875
2024-01-30,2031.5
2024-01-31,2048.39990234375
2024-02-01,2053.0
2024-02-02,2036.0999755859375
2024-02-05,2025.699951171875
2024-02-06,2034.5
2024-02-07,2035.199951171875
2024-02-08,2032.199951171875
2024-02-09,2023.300048828125
2024-02-12,2018.199951171875
2024-02-13,1992.9000244140625
2024-02-14,1990.300048828125
2024-02-15,2002.0999755859375
2024-02-16,2011.5
2024-02-20,2027.5
2024-02-21,2022.300048828125
2024-02-22,2019.699951171875
2024-02-23,2038.5999755859375
2024-02-26,2028.5
2024-02-27,2034.0
2024-02-28,2033.0
2024-02-29,2045.699951171875
2024-03-01,2086.89990234375
2024-03-04,2117.699951171875
2024-03-05,2133.5
2024-03-06,2150.300048828125
2024-03-07,2158.0
2024-03-08,2178.60009765625
2024-03-11,2182.5
2024-03-12,2160.39990234375
2024-03-13,2175.39990234375
2024-03-14,2163.0
2024-03-15,2157.300048828125
2024-03-18,2160.699951171875
2024-03-19,2156.300048828125
2024-03-20,2157.89990234375
2024-03-21,2182.39990234375
2024-03-22,2158.10009765625
2024-03-25,2174.800048828125
2024-03-26,2175.60009765625
2024-03-27,2190.60009765625
2024-03-28,2217.39990234375
2024-04-01,2236.5
2024-04-02,2261.0
2024-04-03,2294.39990234375
2024-04-04,2288.800048828125
2024-04-05,2325.699951171875
2024-04-08,2331.699951171875
2024-04-09,2343.5
2024-04-10,2329.60009765625
2024-04-11,2354.800048828125
2024-04-12,2356.199951171875
2024-04-15,2365.800048828125
2024-04-16,2390.800048828125
2024-04-17,2371.699951171875
2024-04-18,2382.300048828125
2024-04-19,2398.39990234375
2024-04-22,2332.199951171875
2024-04-23,2327.699951171875
2024-04-24,2324.5
2024-04-25,2329.800048828125
2024-04-26,2334.800048828125
2024-04-29,2345.39990234375
2024-04-30,2291.39990234375
2024-05-01,2299.89990234375
2024-05-02,2299.199951171875
2024-05-03,2299.0
2024-05-06,2321.60009765625
2024-05-07,2315.199951171875
2024-05-08,2313.60009765625
2024-05-09,2332.10009765625
2024-05-10,2367.300048828125
2024-05-13,2336.10009765625
2024-05-14,2353.39990234375
2024-05-15,2388.699951171875
2024-05-16,2380.0
2024-05-17,2412.199951171875
2024-05-20,2433.89990234375
2024-05-21,2421.699951171875
2024-05-22,2389.199951171875
2024-05-23,2335.0
2024-05-24,2332.5
2024-05-28,2355.199951171875
2024-05-29,2340.300048828125
2024-05-30,2342.89990234375
2024-05-31,2322.89990234375
2024-06-03,2346.60009765625
2024-06-04,2325.5
2024-06-05,2354.10009765625
2024-06-06,2370.300048828125
2024-06-07,2305.199951171875
2024-06-10,2307.699951171875
2024-06-11,2307.5
2024-06-12,2336.0
2024-06-13,2300.199951171875
2024-06-14,2331.39990234375
2024-06-17,2312.39990234375
2024-06-18,2330.39990234375
2024-06-20,2353.800048828125
2024-06-21,2316.39990234375
2024-06-24,2330.0
2024-06-25,2316.60009765625
2024-06-26,2299.199951171875
2024-06-27,2324.5
2024-06-28,2327.699951171875
2024-07-01,2327.60009765625
2024-07-02,2323.0
2024-07-03,2359.800048828125
2024-07-05,2388.5
2024-07-08,2355.199951171875
2024-07-09,2360.10009765625
2024-07-10,2372.199951171875
2024-07-11,2415.0
2024-07-12,2414.0
2024-07-15,2422.89990234375
2024-07-16,2462.39990234375
2024-07-17,2454.800048828125
2024-07-18,2451.800048828125
2024-07-19,2395.5
2024-07-22,2392.0
2024-07-23,2404.60009765625
2024-07-24,2413.300048828125
2024-07-25,2351.89990234375
2024-07-26,2380.0
2024-07-29,2377.300048828125
2024-07-30,2405.0
2024-07-31,2426.5
2024-08-01,2435.0
2024-08-02,2425.699951171875
2024-08-05,2401.699951171875
2024-08-06,2389.10009765625
2024-08-07,2390.5
2024-08-08,2422.199951171875
2024-08-09,2432.10009765625
2024-08-12,2462.39990234375
2024-08-13,2466.699951171875
2024-08-14,2439.39990234375
2024-08-15,2453.10009765625
2024-08-16,2498.60009765625
2024-08-19,2501.800048828125
2024-08-20,2511.300048828125
2024-08-21,2508.39990234375
2024-08-22,2478.89990234375
2024-08-23,2508.39990234375
2024-08-26,2517.699951171875
2024-08-27,2516.0
2024-08-28,2501.0
2024-08-29,2525.699951171875
2024-08-30,2493.800048828125
2024-09-03,2489.89990234375
2024-09-04,2493.39990234375
2024-09-05,2511.39990234375
2024-09-06,2493.5
2024-09-09,2501.800048828125
2024-09-10,2512.300048828125
2024-09-11,2512.10009765625
2024-09-12,2551.199951171875
2024-09-13,2581.300048828125
2024-09-16,2580.39990234375
2024-09-17,2564.300048828125
2024-09-18,2570.699951171875
2024-09-19,2588.0
2024-09-20,2619.89990234375
2024-09-23,2626.5
2024-09-24,2651.199951171875
2024-09-25,2659.199951171875
2024-09-26,2669.89990234375
2024-09-27,2644.300048828125
2024-09-30,2636.10009765625
2024-10-01,2667.300048828125
2024-10-02,2647.10009765625
2024-10-03,2657.10009765625
2024-10-04,2645.800048828125
2024-10-07,2644.800048828125
2024-10-08,2615.0
2024-10-09,2606.0
2024-10-10,2620.60009765625
2024-10-11,2657.60009765625
2024-10-14,2647.800048828125
2024-10-15,2661.39990234375
2024-10-16,2674.0
2024-10-17,2691.0
2024-10-18,2713.699951171875
2024-10-21,2723.10009765625
2024-10-22,2744.199951171875
2024-10-23,2714.39990234375
2024-10-24,2734.89990234375
2024-10-25,2740.89990234375
2024-10-28,2742.89990234375
2024-10-29,2768.39990234375
2024-10-30,2788.5
2024-10-31,2738.300048828125
2024-11-01,2738.60009765625
2024-11-04,2736.10009765625
2024-11-05,2740.300048828125
2024-11-06,2667.60009765625
2024-11-07,2698.39990234375
2024-11-08,2687.5
2024-11-11,2611.199951171875
2024-11-12,2600.0
2024-11-13,2580.800048828125
2024-11-14,2568.199951171875
2024-11-15,2565.699951171875
2024-11-18,2610.60009765625
2024-11-19,2627.10009765625
2024-11-20,2648.199951171875
2024-11-21,2672.10009765625
2024-11-22,2709.89990234375
2024-11-25,2616.800048828125
2024-11-26,2620.300048828125
2024-11-27,2639.89990234375
2024-11-29,2657.0
2024-12-02,2634.89990234375
2024-12-03,2644.699951171875
2024-12-04,2653.800048828125
2024-12-05,2626.60009765625
2024-12-06,2638.60009765625
2024-12-09,2664.89990234375
2024-12-10,2697.60009765625
2024-12-11,2733.800048828125
2024-12-12,2687.5
2024-12-13,2656.0
2024-12-16,2651.39990234375
2024-12-17,2644.39990234375
2024-12-18,2636.5
2024-12-19,2592.199951171875
2024-12-20,2628.699951171875
2024-12-23,2612.300048828125
2024-12-24,2620.0
2024-12-26,2638.800048828125
2024-12-27,2617.199951171875
2024-12-30,2606.10009765625
2024-12-31,2629.199951171875
2025-01-02,2658.89990234375
2025-01-03,2645.0
2025-01-06,2638.39990234375
2025-01-07,2656.699951171875
2025-01-08,2664.5
2025-01-09,2683.800048828125
2025-01-10,2708.5
2025-01-13,2673.5
2025-01-14,2677.5
2025-01-15,2712.5
2025-01-16,2746.39990234375
2025-01-17,2744.300048828125
2025-01-21,2755.0
2025-01-22,2767.60009765625
2025-01-23,2763.10009765625
2025-01-24,2777.300048828125
2025-01-27,2737.5
2025-01-28,2766.800048828125
2025-01-29,2769.10009765625
2025-01-30,2823.0
2025-01-31,2812.5
2025-02-03,2833.89990234375
2025-02-04,2853.300048828125
2025-02-05,2871.60009765625
2025-02-06,2856.0
2025-02-07,2867.300048828125
2025-02-10,2914.300048828125
2025-02-11,2912.5
2025-02-12,2909.0
2025-02-13,2925.89990234375
2025-02-14,2883.60009765625
2025-02-18,2931.60009765625
2025-02-19,2919.39990234375
2025-02-20,2940.0
2025-02-21,2937.60009765625
2025-02-24,2947.89990234375
2025-02-25,2904.5
2025-02-26,2916.800048828125
2025-02-27,2883.199951171875
2025-02-28,2836.800048828125
2025-03-03,2890.199951171875
2025-03-04,2909.60009765625
2025-03-05,2915.300048828125
2025-03-06,2916.60009765625
2025-03-07,2904.699951171875
2025-03-10,2891.0
2025-03-11,2912.89990234375
2025-03-12,2939.10009765625
2025-03-13,2984.300048828125
2025-03-14,2994.5
2025-03-17,3000.0
2025-03-18,3035.10009765625
2025-03-19,3035.89990234375
2025-03-20,3040.0
2025-03-21,3018.199951171875
2025-03-24,3013.10009765625
2025-03-25,3023.699951171875
2025-03-26,3020.89990234375
2025-03-27,3060.199951171875
2025-03-28,3086.5
2025-03-31,3122.800048828125
2025-04-01,3118.89990234375
2025-04-02,3139.89990234375
2025-04-03,3097.0
2025-04-04,3012.0
2025-04-07,2951.300048828125
2025-04-08,2968.39990234375
2025-04-09,3056.5
2025-04-10,3155.199951171875
2025-04-11,3222.199951171875
2025-04-14,3204.800048828125
2025-04-15,3218.699951171875
2025-04-16,3326.60009765625
2025-04-17,3308.699951171875
2025-04-21,3406.199951171875
2025-04-22,3400.800048828125
2025-04-23,3276.300048828125
2025-04-24,3332.0
2025-04-25,3282.39990234375
2025-04-28,3332.5
2025-04-29,3318.800048828125
2025-04-30,3305.0
2025-05-01,3210.0
2025-05-02,3231.89990234375
2025-05-05,3311.300048828125
2025-05-06,3411.39990234375
2025-05-07,3381.39990234375
2025-05-08,3296.60009765625
2025-05-09,3335.39990234375
2025-05-12,3220.0
2025-05-13,3240.300048828125
2025-05-14,3181.39990234375
2025-05-15,3220.699951171875
2025-05-16,3182.0
2025-05-19,3228.89990234375
2025-05-20,3280.300048828125
2025-05-21,3309.300048828125
2025-05-22,3292.300048828125
2025-05-23,3363.60009765625
2025-05-27,3299.10009765625
2025-05-28,3293.60009765625
2025-05-29,3317.10009765625
2025-05-30,3288.89990234375
2025-06-02,3370.60009765625
2025-06-03,3350.199951171875
2025-06-04,3373.5
2025-06-05,3350.699951171875
2025-06-06,3322.699951171875
2025-06-09,3332.10009765625
2025-06-10,3320.89990234375
2025-06-11,3321.300048828125
2025-06-12,3380.89990234375
2025-06-13,3431.199951171875
2025-06-16,3396.39990234375
2025-06-17,3386.60009765625
2025-06-18,3389.800048828125
2025-06-20,3368.10009765625
2025-06-23,3377.699951171875
2025-06-24,3317.39990234375
2025-06-25,3327.10009765625
2025-06-26,3333.5
2025-06-27,3273.699951171875
2025-06-30,3294.39990234375
2025-07-01,3336.699951171875
2025-07-02,3348.0
2025-07-03,3331.60009765625
2025-07-04,3332.5
2025-07-07,3332.199951171875
2025-07-08,3307.0
2025-07-09,3311.60009765625
2025-07-10,3317.39990234375
2025-07-11,3356.0
2025-07-14,3351.5
2025-07-15,3329.800048828125
2025-07-16,3352.5
2025-07-17,3340.10009765625
2025-07-18,3353.0
2025-07-21,3401.89990234375
2025-07-22,3439.199951171875
2025-07-23,3394.10009765625
2025-07-24,3371.0
2025-07-25,3334.0
2025-07-28,3309.10009765625
2025-07-29,3323.39990234375
2025-07-30,3295.800048828125
2025-07-31,3293.199951171875
2025-08-01,3347.699951171875
2025-08-04,3374.39990234375
2025-08-05,3381.89990234375
2025-08-06,3380.0
2025-08-07,3400.300048828125
2025-08-08,3439.10009765625
2025-08-11,3353.10009765625
2025-08-12,3348.89990234375
2025-08-13,3358.699951171875
2025-08-14,3335.199951171875
2025-08-15,3336.0
2025-08-18,3331.699951171875
2025-08-19,3313.39990234375
2025-08-20,3343.39990234375
2025-08-21,3336.89990234375
2025-08-22,3374.39990234375
2025-08-25,3373.800048828125
2025-08-26,3388.60009765625
2025-08-27,3404.60009765625
2025-08-28,3431.800048828125
2025-08-29,3473.699951171875
2025-09-02,3549.39990234375
2025-09-03,3593.199951171875
2025-09-04,3565.800048828125
2025-09-05,3613.199951171875
2025-09-08,3638.10009765625
2025-09-09,3643.300048828125
2025-09-10,3643.60009765625
2025-09-11,3636.89990234375
2025-09-12,3649.39990234375
2025-09-15,3682.199951171875
2025-09-16,3688.89990234375
2025-09-17,3681.800048828125
2025-09-18,3643.699951171875
2025-09-19,3671.5
2025-09-22,3740.699951171875
2025-09-23,3780.60009765625
2025-09-24,3732.10009765625
2025-09-25,3736.89990234375
2025-09-26,3775.300048828125
2025-09-29,3820.89990234375
2025-09-30,3840.800048828125
2025-10-01,3867.5
2025-10-02,3839.699951171875
2025-10-03,3880.800048828125
2025-10-06,3948.5
2025-10-07,3976.60009765625
2025-10-08,4043.300048828125
2025-10-09,3946.300048828125
2025-10-10,3975.89990234375
2025-10-13,4108.60009765625
2025-10-14,4138.7001953125
2025-10-15,4176.89990234375
2025-10-16,4280.2001953125
2025-10-17,4189.89990234375
2025-10-20,4336.39990234375
2025-10-21,4087.699951171875
2025-10-22,4044.39990234375
2025-10-23,4125.5
2025-10-24,4118.39990234375
2025-10-27,4001.89990234375
2025-10-28,3966.199951171875
2025-10-29,3983.699951171875
2025-10-30,4001.300048828125
2025-10-31,3982.199951171875
2025-11-03,4000.300048828125
2025-11-04,3947.699951171875
2025-11-05,3980.300048828125
2025-11-06,3979.89990234375
2025-11-07,3999.39990234375
2025-11-10,4111.7998046875
2025-11-11,4106.7998046875
2025-11-12,4204.39990234375
2025-11-13,4186.89990234375
2025-11-14,4087.60009765625
2025-11-17,4068.300048828125
2025-11-18,4061.300048828125
2025-11-19,4077.699951171875
2025-11-20,4056.5
2025-11-21,4076.699951171875
2025-11-24,4091.89990234375
2025-11-25,4139.2001953125
2025-11-26,4165.2001953125
2025-11-28,4218.2998046875
2025-12-01,4239.2998046875
2025-12-02,4186.60009765625
2025-12-03,4199.2998046875
2025-12-04,4211.7998046875
2025-12-05,4212.89990234375
2025-12-08,4187.2001953125
2025-12-09,4206.7001953125
2025-12-10,4196.39990234375
2025-12-11,4285.5
2025-12-12,4300.10009765625
2025-12-15,4306.7001953125
2025-12-16,4304.5
2025-12-17,4347.5
2025-12-18,4339.5
2025-12-19,4361.39990234375
2025-12-22,4444.60009765625
2025-12-23,4482.7998046875
2025-12-24,4480.60009765625
2025-12-26,4529.10009765625
2025-12-29,4325.10009765625
2025-12-30,4370.10009765625
2025-12-31,4325.60009765625
2026-01-02,4314.39990234375
2026-01-05,4436.89990234375
2026-01-06,4482.2001953125
2026-01-07,4449.2998046875
2026-01-08,4449.7001953125
2026-01-09,4490.2998046875
2026-01-12,4604.2998046875
2026-01-13,4589.2001953125
2026-01-14,4626.2998046875
2026-01-15,4616.2998046875
2026-01-16,4588.39990234375
2026-01-20,4759.60009765625
2026-01-21,4831.7998046875
2026-01-22,4908.7998046875
2026-01-23,4976.2001953125
2026-01-26,5079.7001953125
2026-01-27,5079.89990234375
2026-01-28,5301.60009765625
2026-01-29,5318.39990234375
2026-01-30,4713.89990234375
2026-02-02,4622.5
2026-02-03,4903.7001953125
2026-02-04,4920.39990234375
2026-02-05,4861.39990234375
2026-02-06,4951.2001953125
2026-02-09,5050.89990234375
2026-02-10,5003.7998046875
2026-02-11,5071.60009765625
2026-02-12,4923.7001953125
2026-02-13,5022.0
2026-02-17,4882.89990234375
2026-02-18,4986.5
2026-02-19,4975.89990234375
2026-02-20,5059.2998046875
2026-02-23,5204.7001953125
2026-02-24,5155.7998046875
2026-02-25,5206.39990234375
2026-02-26,5176.5
2026-02-27,5230.5
2026-03-02,5294.39990234375
2026-03-03,5107.39990234375
2026-03-04,5120.2001953125
2026-03-05,5065.2998046875
2026-03-06,5146.10009765625
2026-03-09,5091.5
2026-03-10,5229.7001953125
2026-03-11,5167.39990234375
2026-03-12,5115.7998046875
2026-03-13,5052.5
2026-03-16,4994.0
2026-03-17,5001.0
2026-03-18,4889.89990234375
2026-03-19,4600.7001953125
2026-03-20,4570.39990234375
2026-03-23,4404.10009765625
2026-03-24,4399.2998046875
2026-03-25,4549.7998046875
2026-03-26,4375.5
2026-03-27,4492.0
2026-03-30,4526.0
2026-03-31,4647.60009765625
2026-04-01,4783.2001953125
2026-04-02,4651.5
2026-04-06,4656.7998046875
2026-04-07,4657.10009765625
2026-04-08,4749.5
2026-04-09,4792.2001953125
2026-04-10,4761.89990234375
2026-04-13,4742.39990234375
2026-04-14,4825.0
2026-04-15,4800.0
2026-04-16,4785.39990234375
2026-04-17,4857.60009765625
2026-04-20,4806.60009765625
2026-04-21,4698.39990234375
2026-04-22,4732.5
2026-04-23,4705.10009765625
2026-04-24,4722.2998046875
2026-04-27,4675.39990234375
2026-04-28,4591.5
2026-04-29,4545.2001953125
2026-04-30,4614.7001953125
2026-05-01,4629.89990234375
2026-05-04,4519.5
2026-05-05,4555.7998046875
2026-05-06,4681.89990234375
2026-05-07,4699.7998046875
2026-05-08,4720.39990234375
2026-05-11,4718.7001953125
2026-05-12,4677.60009765625
2026-05-13,4697.7001953125
2026-05-14,4678.10009765625
2026-05-15,4555.7998046875
2026-05-18,4552.5
2026-05-19,4506.2998046875
2026-05-20,4531.2998046875
2026-05-21,4539.7998046875
2026-05-22,4521.0
2026-05-26,4500.39990234375
2026-05-27,4447.5
2026-05-28,4499.2998046875
2026-05-29,4560.5
2026-06-01,4475.2001953125
2026-06-02,4489.10009765625
2026-06-03,4436.7001953125
2026-06-04,4475.7998046875
2026-06-05,4337.10009765625
2026-06-08,4335.89990234375
2026-06-09,4260.0
2026-06-10,4108.2001953125
2026-06-11,4090.300048828125
2026-06-12,4215.0
2026-06-15,4328.0
2026-06-16,4330.89990234375
2026-06-17,4358.89990234375
2026-06-18,4224.10009765625
2026-06-22,4181.89990234375
2026-06-23,4129.89990234375
2026-06-24,3990.300048828125
2026-06-25,4030.5
2026-06-26,4078.699951171875
2026-06-29,4022.300048828125
2026-06-30,4022.89990234375
2026-07-01,4068.300048828125
2026-07-02,4112.7001953125
